source,target,type,weight,evidence
EFO_0009443,MONDO_0004989,is_a,,
EFO_0009649,MONDO_0004989,is_a,,
EFO_0009782,MONDO_0004989,is_a,,
EFO_0022984,MONDO_0007254,is_a,,
MONDO_0000552,MONDO_0004988,is_a,,
MONDO_0000616,MONDO_0006116,is_a,,
MONDO_0000618,MONDO_0006116,is_a,,
MONDO_0002486,MONDO_0004658,is_a,,
MONDO_0002489,MONDO_0007254,is_a,,
MONDO_0002490,MONDO_0007254,is_a,,
MONDO_0002648,MONDO_0004988,is_a,,
MONDO_0002671,MONDO_0006256,is_a,,
MONDO_0002671,MONDO_0004988,is_a,,
MONDO_0002975,MONDO_0005105,is_a,,
MONDO_0002975,MONDO_0007254,is_a,,
MONDO_0003024,MONDO_0002490,is_a,,
MONDO_0003087,MONDO_0004988,is_a,,
MONDO_0003087,MONDO_0006256,is_a,,
MONDO_0003185,MONDO_0004988,is_a,,
MONDO_0003185,MONDO_0006256,is_a,,
MONDO_0003371,MONDO_0002490,is_a,,
MONDO_0003532,MONDO_0005590,is_a,,
MONDO_0003548,MONDO_0006056,is_a,,
MONDO_0003624,MONDO_0004953,is_a,,
MONDO_0003635,MONDO_0004988,is_a,,
MONDO_0003635,MONDO_0006256,is_a,,
MONDO_0003661,MONDO_0007254,is_a,,
MONDO_0003728,MONDO_0002490,is_a,,
MONDO_0003934,MONDO_0005590,is_a,,
MONDO_0003936,MONDO_0004953,is_a,,
MONDO_0003959,MONDO_0006256,is_a,,
MONDO_0003982,MONDO_0004989,is_a,,
MONDO_0003990,MONDO_0006256,is_a,,
MONDO_0004379,MONDO_0004989,is_a,,
MONDO_0004658,MONDO_0004989,is_a,,
MONDO_0004953,MONDO_0006256,is_a,,
MONDO_0004953,MONDO_0005590,is_a,,
MONDO_0004984,MONDO_0005494,is_a,,
MONDO_0004984,MONDO_0004953,is_a,,
MONDO_0004988,MONDO_0004989,is_a,,
MONDO_0004989,MONDO_0007254,is_a,,
MONDO_0004990,MONDO_0006116,is_a,,
MONDO_0005023,MONDO_0004658,is_a,,
MONDO_0005023,MONDO_0005590,is_a,,
MONDO_0005050,MONDO_0006306,is_a,,
MONDO_0005050,MONDO_0004953,is_a,,
MONDO_0005051,MONDO_0006256,is_a,,
MONDO_0005051,MONDO_0000552,is_a,,
MONDO_0005063,MONDO_0004953,is_a,,
MONDO_0005494,MONDO_0000618,is_a,,
MONDO_0005494,MONDO_0000616,is_a,,
MONDO_0005494,MONDO_0006513,is_a,,
MONDO_0005590,MONDO_0004988,is_a,,
MONDO_0005628,MONDO_0004989,is_a,,
MONDO_0006043,MONDO_0006256,is_a,,
MONDO_0006050,MONDO_0004953,is_a,,
MONDO_0006056,MONDO_0006043,is_a,,
MONDO_0006098,MONDO_0002486,is_a,,
MONDO_0006116,MONDO_0004989,is_a,,
MONDO_0006117,MONDO_0003661,is_a,,
MONDO_0006184,MONDO_0004658,is_a,,
MONDO_0006244,MONDO_0006116,is_a,,
MONDO_0006256,MONDO_0004989,is_a,,
MONDO_0006270,MONDO_0002486,is_a,,
MONDO_0006270,MONDO_0004988,is_a,,
MONDO_0006306,MONDO_0004988,is_a,,
MONDO_0006324,MONDO_0006116,is_a,,
MONDO_0006512,MONDO_0006116,is_a,,
MONDO_0006513,MONDO_0006116,is_a,,
MONDO_0006739,MONDO_0004989,is_a,,
MONDO_0006804,MONDO_0006256,is_a,,
MONDO_0006804,MONDO_0004988,is_a,,
MONDO_0016419,MONDO_0004989,is_a,,
MONDO_0021115,MONDO_0004990,is_a,,
MONDO_0021116,MONDO_0004990,is_a,,
MONDO_0045059,MONDO_0004989,is_a,,
MONDO_0045060,MONDO_0005023,is_a,,
MONDO_0045060,MONDO_0045059,is_a,,
Orphanet_145,Orphanet_227535,is_a,,
Orphanet_145,MONDO_0008170,is_a,,
Orphanet_227535,MONDO_0004989,is_a,,
ENSG00000106633,MONDO_0005148,associated_with,0.8588,1212
ENSG00000187486,MONDO_0005148,associated_with,0.8586,1232
ENSG00000006071,MONDO_0005148,associated_with,0.8566,1459
ENSG00000119772,MONDO_0018874,associated_with,0.8562,2650
ENSG00000132170,MONDO_0005148,associated_with,0.8537,3233
ENSG00000139618,MONDO_0007254,associated_with,0.8401,8529
ENSG00000245848,MONDO_0018874,associated_with,0.8396,2719
ENSG00000012048,MONDO_0007254,associated_with,0.8355,14730
ENSG00000122025,MONDO_0018874,associated_with,0.8354,8470
ENSG00000012048,Orphanet_145,associated_with,0.8271,8860
ENSG00000157764,MONDO_0005105,associated_with,0.8195,13475
ENSG00000183765,MONDO_0007254,associated_with,0.8167,1632
ENSG00000012048,MONDO_0008170,associated_with,0.8112,7602
ENSG00000142192,MONDO_0004975,associated_with,0.8058,27930
ENSG00000108384,Orphanet_145,associated_with,0.8045,157
ENSG00000139618,MONDO_0004989,associated_with,0.8026,7362
ENSG00000083093,MONDO_0007254,associated_with,0.7996,1506
ENSG00000169083,MONDO_0008315,associated_with,0.7993,14245
ENSG00000113302,MONDO_0005083,associated_with,0.7947,354
ENSG00000147889,MONDO_0005105,associated_with,0.7913,2189
ENSG00000076242,MONDO_0005575,associated_with,0.7883,1275
ENSG00000116062,MONDO_0005575,associated_with,0.7877,496
ENSG00000139618,Orphanet_145,associated_with,0.7849,14620
ENSG00000139618,MONDO_0008170,associated_with,0.7848,4037
ENSG00000213689,MONDO_0007915,associated_with,0.7801,285
ENSG00000138413,MONDO_0018874,associated_with,0.7798,2564
ENSG00000130203,MONDO_0005010,associated_with,0.7758,1326
ENSG00000135100,MONDO_0005148,associated_with,0.7755,851
ENSG00000146648,MONDO_0005061,associated_with,0.7754,7104
ENSG00000162337,MONDO_0005298,associated_with,0.7737,623
ENSG00000275410,MONDO_0005148,associated_with,0.7725,464
ENSG00000171105,MONDO_0005148,associated_with,0.7701,2253
ENSG00000185379,Orphanet_145,associated_with,0.7625,139
ENSG00000109501,MONDO_0005148,associated_with,0.76,714
ENSG00000101076,MONDO_0005148,associated_with,0.7591,643
ENSG00000130164,MONDO_0005010,associated_with,0.7564,680
ENSG00000112164,MONDO_0005148,associated_with,0.7555,10605
ENSG00000168769,MONDO_0018874,associated_with,0.7546,1391
ENSG00000121879,MONDO_0007254,associated_with,0.7543,4463
ENSG00000159216,MONDO_0018874,associated_with,0.7538,3930
ENSG00000105397,MONDO_0008383,associated_with,0.7532,302
ENSG00000139618,MONDO_0016419,associated_with,0.7521,2193
ENSG00000141510,MONDO_0005575,associated_with,0.7509,4399
ENSG00000167207,MONDO_0005011,associated_with,0.7504,2328
ENSG00000133703,MONDO_0018874,associated_with,0.7502,637
ENSG00000179348,MONDO_0018874,associated_with,0.7501,723
ENSG00000139618,Orphanet_227535,associated_with,0.7498,2219
ENSG00000157764,MONDO_0005575,associated_with,0.7489,3181
ENSG00000177628,MONDO_0005180,associated_with,0.7441,3124
ENSG00000113302,MONDO_0005011,associated_with,0.7424,203
ENSG00000143631,MONDO_0004979,associated_with,0.7422,287
ENSG00000077238,MONDO_0004979,associated_with,0.7421,611
ENSG00000188906,MONDO_0005180,associated_with,0.742,6662
ENSG00000157404,MONDO_0018874,associated_with,0.7414,2238
ENSG00000163581,MONDO_0005148,associated_with,0.7398,416
ENSG00000141510,MONDO_0016419,associated_with,0.7397,156
ENSG00000141510,Orphanet_227535,associated_with,0.7397,169
ENSG00000012048,MONDO_0004989,associated_with,0.7394,13328
ENSG00000149311,Orphanet_227535,associated_with,0.7386,6180
ENSG00000149311,MONDO_0016419,associated_with,0.7381,6156
ENSG00000160712,MONDO_0008383,associated_with,0.738,1182
ENSG00000083093,Orphanet_145,associated_with,0.7367,296
ENSG00000139618,MONDO_0008315,associated_with,0.7361,1158
ENSG00000121879,MONDO_0008170,associated_with,0.735,564
ENSG00000161547,MONDO_0018874,associated_with,0.7333,494
ENSG00000113302,MONDO_0005101,associated_with,0.7331,110
ENSG00000091831,MONDO_0007254,associated_with,0.7321,42242
ENSG00000066468,MONDO_0005575,associated_with,0.731,206
ENSG00000169032,MONDO_0005105,associated_with,0.7309,786
ENSG00000171456,MONDO_0018874,associated_with,0.7293,974
ENSG00000121879,MONDO_0004988,associated_with,0.7289,37
ENSG00000120659,MONDO_0005298,associated_with,0.7274,2102
ENSG00000141510,MONDO_0005061,associated_with,0.7273,1506
ENSG00000149295,MONDO_0005090,associated_with,0.7269,2894
ENSG00000096968,MONDO_0005101,associated_with,0.7241,129
ENSG00000164116,MONDO_0005010,associated_with,0.7237,172
ENSG00000141510,MONDO_0018874,associated_with,0.7234,3542
ENSG00000115232,MONDO_0005011,associated_with,0.7234,86
ENSG00000105397,MONDO_0005083,associated_with,0.7231,357
ENSG00000163485,MONDO_0004979,associated_with,0.7226,104
ENSG00000083093,MONDO_0004989,associated_with,0.7221,1168
ENSG00000134982,MONDO_0005575,associated_with,0.7221,2887
ENSG00000183765,Orphanet_227535,associated_with,0.7219,3615
ENSG00000183765,MONDO_0016419,associated_with,0.7213,3602
ENSG00000105221,MONDO_0005148,associated_with,0.7195,282
ENSG00000184381,MONDO_0005180,associated_with,0.7188,408
ENSG00000169174,MONDO_0005010,associated_with,0.7186,992
ENSG00000137033,MONDO_0004979,associated_with,0.7185,1593
ENSG00000145777,MONDO_0004979,associated_with,0.7182,1472
ENSG00000066468,MONDO_0004989,associated_with,0.718,660
ENSG00000113161,MONDO_0005010,associated_with,0.7168,614
ENSG00000196664,MONDO_0007915,associated_with,0.7162,1242
ENSG00000136492,MONDO_0007254,associated_with,0.7149,540
ENSG00000164362,MONDO_0018874,associated_with,0.712,186
ENSG00000091831,MONDO_0004989,associated_with,0.7119,38956
ENSG00000145335,MONDO_0005180,associated_with,0.7115,11621
ENSG00000171862,MONDO_0005105,associated_with,0.7115,1503
ENSG00000083093,Orphanet_227535,associated_with,0.7111,5225
ENSG00000091831,MONDO_0005298,associated_with,0.711,1064
ENSG00000083093,MONDO_0016419,associated_with,0.7109,5216
ENSG00000116288,MONDO_0005180,associated_with,0.7107,2837
ENSG00000183765,MONDO_0004989,associated_with,0.7099,1320
ENSG00000141510,MONDO_0004988,associated_with,0.7095,150
ENSG00000113525,MONDO_0004979,associated_with,0.7087,3841
ENSG00000162434,MONDO_0008383,associated_with,0.7085,778
ENSG00000183258,MONDO_0018874,associated_with,0.705,182
ENSG00000133703,MONDO_0005061,associated_with,0.7037,2754
ENSG00000115159,MONDO_0005148,associated_with,0.7035,757
ENSG00000176884,MONDO_0004975,associated_with,0.701,170
ENSG00000213281,MONDO_0018874,associated_with,0.6999,955
ENSG00000108821,MONDO_0005298,associated_with,0.6989,209
ENSG00000141510,MONDO_0018177,associated_with,0.6987,3833
ENSG00000141736,MONDO_0004989,associated_with,0.6977,55251
ENSG00000164756,MONDO_0005148,associated_with,0.6968,581
ENSG00000169194,MONDO_0004979,associated_with,0.6954,4122
ENSG00000176884,MONDO_0005180,associated_with,0.6934,99
ENSG00000254647,MONDO_0005147,associated_with,0.6925,29060
ENSG00000135100,MONDO_0005147,associated_with,0.6923,314
ENSG00000126934,MONDO_0005105,associated_with,0.692,272
ENSG00000182054,MONDO_0018874,associated_with,0.6905,1952
ENSG00000157764,MONDO_0005061,associated_with,0.6888,521
ENSG00000136492,MONDO_0016419,associated_with,0.6882,6284
ENSG00000136492,Orphanet_227535,associated_with,0.6876,6283
ENSG00000138376,Orphanet_227535,associated_with,0.6874,3462
ENSG00000138376,MONDO_0016419,associated_with,0.6871,3455
ENSG00000096968,MONDO_0005011,associated_with,0.6861,64
ENSG00000113448,MONDO_0004979,associated_with,0.6839,134
ENSG00000113580,MONDO_0005301,associated_with,0.6835,166
ENSG00000039068,MONDO_0008170,associated_with,0.6832,952
ENSG00000105397,MONDO_0005011,associated_with,0.6821,69
ENSG00000106331,MONDO_0005148,associated_with,0.6819,179
ENSG00000149311,MONDO_0007254,associated_with,0.6815,2111
ENSG00000116032,MONDO_0004975,associated_with,0.6811,70
ENSG00000164885,MONDO_0004975,associated_with,0.6811,1018
ENSG00000083093,EFO_0009649,associated_with,0.681,15
ENSG00000240972,MONDO_0008383,associated_with,0.681,333
ENSG00000213281,MONDO_0005105,associated_with,0.6796,3003
ENSG00000010310,MONDO_0005148,associated_with,0.6794,397
ENSG00000118046,MONDO_0005061,associated_with,0.6792,568
ENSG00000146648,MONDO_0007254,associated_with,0.679,9640
ENSG00000040608,MONDO_0005090,associated_with,0.678,46
ENSG00000152402,MONDO_0005010,associated_with,0.6771,121
ENSG00000130203,MONDO_0004975,associated_with,0.6759,21309
ENSG00000159339,MONDO_0008383,associated_with,0.6755,773
ENSG00000183765,MONDO_0008315,associated_with,0.6754,327
ENSG00000110944,MONDO_0005083,associated_with,0.6749,812
ENSG00000162992,MONDO_0005148,associated_with,0.6723,176
ENSG00000062822,MONDO_0005575,associated_with,0.6712,149
ENSG00000134242,MONDO_0008383,associated_with,0.6691,759
ENSG00000172572,MONDO_0005010,associated_with,0.6686,30
ENSG00000096968,MONDO_0018874,associated_with,0.6683,675
ENSG00000056972,MONDO_0005083,associated_with,0.6682,121
ENSG00000141510,MONDO_0008170,associated_with,0.6676,3014
ENSG00000151577,MONDO_0005090,associated_with,0.6671,676
ENSG00000167553,MONDO_0008315,associated_with,0.6668,489
ENSG00000165731,MONDO_0005575,associated_with,0.6656,223
ENSG00000067182,MONDO_0005301,associated_with,0.6655,97
ENSG00000168539,MONDO_0005180,associated_with,0.6645,78
ENSG00000110092,MONDO_0007254,associated_with,0.6637,3602
ENSG00000068078,MONDO_0005575,associated_with,0.6635,91
ENSG00000141510,MONDO_0004989,associated_with,0.6633,11105
ENSG00000118762,MONDO_0005300,associated_with,0.6632,101
ENSG00000177663,MONDO_0005083,associated_with,0.6632,252
ENSG00000185379,MONDO_0008170,associated_with,0.6626,237
ENSG00000136573,MONDO_0007915,associated_with,0.6621,214
ENSG00000148737,MONDO_0005148,associated_with,0.6619,1693
ENSG00000138735,MONDO_0005010,associated_with,0.6619,94
ENSG00000183765,Orphanet_145,associated_with,0.6616,222
ENSG00000108384,MONDO_0008170,associated_with,0.6613,351
ENSG00000087237,MONDO_0005010,associated_with,0.6611,446
ENSG00000095002,MONDO_0005575,associated_with,0.6611,823
ENSG00000012048,MONDO_0016419,associated_with,0.6606,752
ENSG00000164258,MONDO_0005148,associated_with,0.66,740
ENSG00000177000,MONDO_0005090,associated_with,0.6593,237
ENSG00000138413,MONDO_0018177,associated_with,0.6581,4588
ENSG00000181163,MONDO_0018874,associated_with,0.6574,4078
ENSG00000012048,Orphanet_227535,associated_with,0.6572,842
ENSG00000141510,Orphanet_145,associated_with,0.6569,169
ENSG00000165671,MONDO_0018874,associated_with,0.6567,201
ENSG00000152217,MONDO_0018874,associated_with,0.6562,139
ENSG00000177084,MONDO_0018874,associated_with,0.6561,797
ENSG00000062822,MONDO_0018874,associated_with,0.6561,797
ENSG00000149311,EFO_0009649,associated_with,0.656,21
ENSG00000138376,MONDO_0007254,associated_with,0.6556,498
ENSG00000146648,MONDO_0018177,associated_with,0.6551,6663
ENSG00000084674,MONDO_0005010,associated_with,0.6547,1974
ENSG00000197594,MONDO_0005148,associated_with,0.6543,274
ENSG00000164692,MONDO_0005298,associated_with,0.6539,149
ENSG00000142208,MONDO_0007254,associated_with,0.6527,12004
ENSG00000198888,MONDO_0005148,associated_with,0.6506,732
ENSG00000142208,MONDO_0004988,associated_with,0.6505,47
ENSG00000105639,MONDO_0005101,associated_with,0.6493,82
ENSG00000113721,MONDO_0018874,associated_with,0.6489,288
ENSG00000137642,MONDO_0004975,associated_with,0.6486,963
ENSG00000171862,MONDO_0008315,associated_with,0.6484,2936
ENSG00000141510,MONDO_0007254,associated_with,0.6479,12067
ENSG00000175445,MONDO_0005010,associated_with,0.6476,421
ENSG00000213619,MONDO_0005148,associated_with,0.6453,730
ENSG00000116062,MONDO_0008170,associated_with,0.6448,202
ENSG00000179295,MONDO_0018874,associated_with,0.6442,401
ENSG00000141736,MONDO_0005061,associated_with,0.6427,595
ENSG00000144554,MONDO_0018874,associated_with,0.6426,16
ENSG00000008710,MONDO_0005300,associated_with,0.6416,207
ENSG00000065989,MONDO_0005083,associated_with,0.6416,281
ENSG00000181072,MONDO_0004979,associated_with,0.6393,42
ENSG00000079999,MONDO_0005301,associated_with,0.6369,106
ENSG00000177084,MONDO_0005575,associated_with,0.6366,267
ENSG00000167941,MONDO_0005298,associated_with,0.6361,858
ENSG00000135446,MONDO_0004989,associated_with,0.6355,3686
ENSG00000113161,MONDO_0005148,associated_with,0.6355,241
ENSG00000121879,MONDO_0005575,associated_with,0.6354,1060
ENSG00000105397,MONDO_0007915,associated_with,0.6352,202
ENSG00000232810,MONDO_0005083,associated_with,0.6351,5957
ENSG00000112115,MONDO_0005083,associated_with,0.6348,5919
ENSG00000134460,MONDO_0005301,associated_with,0.6345,141
ENSG00000149311,MONDO_0004989,associated_with,0.6344,1700
ENSG00000061918,MONDO_0005010,associated_with,0.6336,143
ENSG00000139083,MONDO_0018874,associated_with,0.6332,459
ENSG00000137869,MONDO_0004989,associated_with,0.6331,6385
ENSG00000168646,MONDO_0005575,associated_with,0.6331,516
ENSG00000134853,MONDO_0018874,associated_with,0.6327,202
ENSG00000232810,MONDO_0008383,associated_with,0.6314,19586
ENSG00000140675,MONDO_0005148,associated_with,0.6311,8320
ENSG00000197635,MONDO_0005148,associated_with,0.6308,6398
ENSG00000141736,MONDO_0007254,associated_with,0.6307,60921
ENSG00000137869,MONDO_0007254,associated_with,0.6305,7689
ENSG00000113580,MONDO_0008383,associated_with,0.6301,326
ENSG00000106546,MONDO_0005083,associated_with,0.63,219
ENSG00000093010,MONDO_0005180,associated_with,0.6297,1038
ENSG00000087085,MONDO_0004975,associated_with,0.6297,7845
ENSG00000184845,MONDO_0005180,associated_with,0.6296,300
ENSG00000128052,MONDO_0018874,associated_with,0.6293,260
ENSG00000182872,MONDO_0005061,associated_with,0.6292,70
ENSG00000149295,MONDO_0005180,associated_with,0.6289,1009
ENSG00000073756,MONDO_0008383,associated_with,0.6287,1236
ENSG00000166136,MONDO_0005148,associated_with,0.6283,730
ENSG00000135446,MONDO_0007254,associated_with,0.6283,4562
ENSG00000169252,MONDO_0004979,associated_with,0.6283,1352
ENSG00000273079,MONDO_0004975,associated_with,0.6282,359
ENSG00000114200,MONDO_0004975,associated_with,0.628,4961
ENSG00000069535,MONDO_0005180,associated_with,0.628,1894
ENSG00000211891,MONDO_0004979,associated_with,0.6277,9271
ENSG00000113580,MONDO_0004979,associated_with,0.6276,1308
ENSG00000111424,MONDO_0005083,associated_with,0.6273,235
ENSG00000188389,MONDO_0005105,associated_with,0.6268,5618
ENSG00000189079,MONDO_0005105,associated_with,0.6267,99
ENSG00000183765,EFO_0009649,associated_with,0.6266,10
ENSG00000140675,MONDO_0005300,associated_with,0.6266,2679
ENSG00000232810,MONDO_0005101,associated_with,0.6262,2233
ENSG00000273079,MONDO_0005180,associated_with,0.6262,179
ENSG00000186951,MONDO_0005148,associated_with,0.6261,1007
ENSG00000151577,MONDO_0005180,associated_with,0.6259,596
ENSG00000142208,MONDO_0004989,associated_with,0.6258,10721
ENSG00000171105,MONDO_0005147,associated_with,0.6257,841
ENSG00000197746,MONDO_0005180,associated_with,0.6254,70
ENSG00000069696,MONDO_0005090,associated_with,0.6254,521
ENSG00000183454,MONDO_0005180,associated_with,0.6249,150
ENSG00000196664,MONDO_0008383,associated_with,0.6248,173
ENSG00000115252,MONDO_0005010,associated_with,0.6243,9
ENSG00000132781,MONDO_0005575,associated_with,0.6241,327
ENSG00000163599,MONDO_0007915,associated_with,0.6234,292
ENSG00000142515,MONDO_0008315,associated_with,0.6233,19066
ENSG00000121594,MONDO_0008383,associated_with,0.6232,313
ENSG00000239732,MONDO_0008383,associated_with,0.6228,197
ENSG00000258947,MONDO_0007254,associated_with,0.6228,1979
ENSG00000102524,MONDO_0007915,associated_with,0.6228,1542
ENSG00000114013,MONDO_0008383,associated_with,0.6225,305
ENSG00000065989,MONDO_0004979,associated_with,0.6224,356
ENSG00000171862,MONDO_0004988,associated_with,0.6222,28
ENSG00000111424,MONDO_0005300,associated_with,0.6222,456
ENSG00000136492,MONDO_0008170,associated_with,0.6221,433
ENSG00000167553,MONDO_0007254,associated_with,0.622,1930
ENSG00000123416,MONDO_0007254,associated_with,0.6218,1936
ENSG00000134242,MONDO_0007915,associated_with,0.6218,311
ENSG00000140009,MONDO_0007254,associated_with,0.6215,1548
ENSG00000168036,MONDO_0005575,associated_with,0.6213,728
ENSG00000196230,MONDO_0007254,associated_with,0.6212,1955
ENSG00000141736,MONDO_0006244,associated_with,0.6212,16
ENSG00000143799,MONDO_0008170,associated_with,0.621,1305
ENSG00000112715,MONDO_0007254,associated_with,0.621,5131
ENSG00000130816,MONDO_0018874,associated_with,0.6207,1092
ENSG00000232810,MONDO_0005011,associated_with,0.6206,4329
ENSG00000142319,MONDO_0004975,associated_with,0.6205,271
ENSG00000258947,MONDO_0008315,associated_with,0.6204,505
ENSG00000125084,MONDO_0005298,associated_with,0.6202,132
ENSG00000128602,MONDO_0018874,associated_with,0.6202,105
ENSG00000112715,MONDO_0005575,associated_with,0.6201,2321
ENSG00000066468,MONDO_0007254,associated_with,0.6201,720
ENSG00000178394,MONDO_0005090,associated_with,0.6201,569
ENSG00000105810,MONDO_0007254,associated_with,0.62,965
ENSG00000213281,MONDO_0005575,associated_with,0.6199,477
ENSG00000140718,MONDO_0005148,associated_with,0.6196,784
ENSG00000132437,MONDO_0005180,associated_with,0.6196,599
ENSG00000134243,MONDO_0005010,associated_with,0.6196,150
ENSG00000258947,MONDO_0004989,associated_with,0.6195,114
ENSG00000168036,MONDO_0008170,associated_with,0.6195,121
ENSG00000167553,MONDO_0004989,associated_with,0.6194,70
ENSG00000173198,MONDO_0004979,associated_with,0.6192,404
ENSG00000039068,Orphanet_227535,associated_with,0.619,677
ENSG00000123416,MONDO_0004989,associated_with,0.6187,76
ENSG00000145996,MONDO_0005148,associated_with,0.6184,552
ENSG00000196230,MONDO_0004989,associated_with,0.6183,87
ENSG00000111252,MONDO_0005147,associated_with,0.6183,114
ENSG00000095002,MONDO_0008170,associated_with,0.6173,234
ENSG00000183454,MONDO_0004975,associated_with,0.6171,231
ENSG00000087085,MONDO_0005180,associated_with,0.6171,531
ENSG00000102468,MONDO_0005090,associated_with,0.617,1913
ENSG00000096968,MONDO_0008383,associated_with,0.6169,589
ENSG00000105464,MONDO_0004975,associated_with,0.6168,79
ENSG00000105639,MONDO_0008383,associated_with,0.6167,412
ENSG00000186010,MONDO_0005148,associated_with,0.6166,724
ENSG00000157168,MONDO_0005061,associated_with,0.6165,71
ENSG00000150594,MONDO_0004979,associated_with,0.6158,35
ENSG00000111424,MONDO_0005298,associated_with,0.6156,514
ENSG00000176890,MONDO_0007254,associated_with,0.6153,812
ENSG00000039068,MONDO_0004988,associated_with,0.6153,38
ENSG00000137285,MONDO_0004989,associated_with,0.6152,60
ENSG00000198900,MONDO_0007254,associated_with,0.615,288
ENSG00000146648,MONDO_0005575,associated_with,0.6149,4757
ENSG00000164270,MONDO_0005090,associated_with,0.6147,47
ENSG00000169344,MONDO_0005300,associated_with,0.6147,336
ENSG00000228716,MONDO_0008383,associated_with,0.6147,339
ENSG00000160856,MONDO_0008383,associated_with,0.6146,106
ENSG00000196712,MONDO_0005105,associated_with,0.6142,688
ENSG00000079999,MONDO_0005061,associated_with,0.614,247
ENSG00000131747,MONDO_0007254,associated_with,0.6138,913
ENSG00000198056,MONDO_0007254,associated_with,0.6137,179
ENSG00000187266,MONDO_0005300,associated_with,0.6135,157
ENSG00000128604,MONDO_0007915,associated_with,0.6135,542
ENSG00000132170,MONDO_0005101,associated_with,0.6132,283
ENSG00000176749,MONDO_0004975,associated_with,0.6128,84
ENSG00000141510,MONDO_0005105,associated_with,0.6124,2586
ENSG00000104320,MONDO_0007254,associated_with,0.6122,262
ENSG00000151067,MONDO_0005010,associated_with,0.6121,121
ENSG00000156738,MONDO_0008383,associated_with,0.6121,163
ENSG00000139687,MONDO_0005061,associated_with,0.6121,155
ENSG00000113580,MONDO_0008315,associated_with,0.612,487
ENSG00000137267,MONDO_0007254,associated_with,0.6119,1924
ENSG00000163599,MONDO_0005105,associated_with,0.6115,5317
ENSG00000198785,MONDO_0004975,associated_with,0.6114,89
ENSG00000135312,MONDO_0005090,associated_with,0.6114,49
ENSG00000095303,MONDO_0008383,associated_with,0.6114,426
ENSG00000069696,MONDO_0005180,associated_with,0.6113,252
ENSG00000070915,MONDO_0005300,associated_with,0.6111,145
ENSG00000105810,MONDO_0004989,associated_with,0.611,452
ENSG00000148795,MONDO_0008315,associated_with,0.6109,661
ENSG00000128271,MONDO_0005180,associated_with,0.6106,628
ENSG00000114200,MONDO_0005180,associated_with,0.6106,386
ENSG00000073756,MONDO_0005101,associated_with,0.6105,231
ENSG00000176890,MONDO_0005575,associated_with,0.6103,1570
ENSG00000186868,MONDO_0005180,associated_with,0.6102,4256
ENSG00000134242,MONDO_0005147,associated_with,0.6101,591
ENSG00000128271,MONDO_0004979,associated_with,0.6099,86
ENSG00000142166,MONDO_0005105,associated_with,0.6095,172
ENSG00000104833,MONDO_0008315,associated_with,0.6094,498
ENSG00000091181,MONDO_0004979,associated_with,0.6091,313
ENSG00000161509,MONDO_0004975,associated_with,0.609,79
ENSG00000080815,MONDO_0004975,associated_with,0.6089,6951
ENSG00000113580,MONDO_0005101,associated_with,0.6087,219
ENSG00000110944,MONDO_0005011,associated_with,0.6085,256
ENSG00000140009,MONDO_0005298,associated_with,0.6083,127
ENSG00000136634,MONDO_0005011,associated_with,0.6082,406
ENSG00000113580,MONDO_0005083,associated_with,0.6081,133
ENSG00000147246,MONDO_0005090,associated_with,0.608,970
ENSG00000184588,MONDO_0004979,associated_with,0.6075,110
ENSG00000180739,MONDO_0005301,associated_with,0.6074,97
ENSG00000095303,MONDO_0005101,associated_with,0.6074,149
ENSG00000170989,MONDO_0005301,associated_with,0.6073,420
ENSG00000128604,MONDO_0008383,associated_with,0.6071,195
ENSG00000160752,MONDO_0005298,associated_with,0.607,283
ENSG00000110944,MONDO_0005101,associated_with,0.6069,127
ENSG00000062822,MONDO_0004989,associated_with,0.6069,51
ENSG00000109163,MONDO_0008315,associated_with,0.6068,616
ENSG00000133019,MONDO_0004979,associated_with,0.6068,156
ENSG00000140675,MONDO_0005147,associated_with,0.6067,633
ENSG00000137267,MONDO_0004989,associated_with,0.6066,60
ENSG00000178127,MONDO_0005180,associated_with,0.6066,30
ENSG00000113580,MONDO_0005011,associated_with,0.6064,169
ENSG00000142166,MONDO_0005301,associated_with,0.6062,179
ENSG00000160801,MONDO_0005298,associated_with,0.6062,214
ENSG00000105464,MONDO_0005180,associated_with,0.6061,89
ENSG00000119421,MONDO_0005180,associated_with,0.6057,12
ENSG00000168653,MONDO_0005180,associated_with,0.6057,11
ENSG00000282608,MONDO_0004979,associated_with,0.6056,87
ENSG00000152270,MONDO_0004979,associated_with,0.6049,80
ENSG00000102967,MONDO_0008383,associated_with,0.6048,135
ENSG00000101017,MONDO_0008383,associated_with,0.6047,316
ENSG00000161509,MONDO_0005180,associated_with,0.6047,75
ENSG00000159110,MONDO_0005301,associated_with,0.6046,178
ENSG00000119684,MONDO_0005575,associated_with,0.6043,198
ENSG00000170425,MONDO_0004979,associated_with,0.6043,83
ENSG00000156738,MONDO_0005301,associated_with,0.6041,168
ENSG00000167552,MONDO_0004989,associated_with,0.6041,57
ENSG00000183960,MONDO_0005301,associated_with,0.6041,42
ENSG00000012779,MONDO_0005101,associated_with,0.604,152
ENSG00000163599,MONDO_0008383,associated_with,0.6039,736
ENSG00000023228,MONDO_0005180,associated_with,0.6033,29
ENSG00000267534,MONDO_0005301,associated_with,0.6032,80
ENSG00000172572,MONDO_0004979,associated_with,0.6031,66
ENSG00000102001,MONDO_0005010,associated_with,0.603,113
ENSG00000171862,MONDO_0018177,associated_with,0.603,2484
ENSG00000157388,MONDO_0005010,associated_with,0.6026,115
ENSG00000198785,MONDO_0005180,associated_with,0.6022,69
ENSG00000159640,MONDO_0005010,associated_with,0.6022,2081
ENSG00000115232,MONDO_0005101,associated_with,0.6021,78
ENSG00000169313,MONDO_0005010,associated_with,0.602,409
ENSG00000133703,Orphanet_227535,associated_with,0.6019,27
ENSG00000133703,MONDO_0016419,associated_with,0.6017,27
ENSG00000105650,MONDO_0004979,associated_with,0.6017,86
ENSG00000037280,MONDO_0005575,associated_with,0.6017,350
ENSG00000177084,MONDO_0004989,associated_with,0.6014,37
ENSG00000081248,MONDO_0005010,associated_with,0.6013,112
ENSG00000213694,MONDO_0005301,associated_with,0.6011,72
ENSG00000152086,MONDO_0004989,associated_with,0.6008,52
ENSG00000116032,MONDO_0005180,associated_with,0.6007,67
ENSG00000110243,MONDO_0005010,associated_with,0.6006,210
ENSG00000111252,MONDO_0005010,associated_with,0.6003,89
ENSG00000115232,MONDO_0005301,associated_with,0.6003,113
ENSG00000138376,EFO_0009649,associated_with,0.6003,5
ENSG00000170214,MONDO_0004979,associated_with,0.6003,36
ENSG00000111262,MONDO_0005301,associated_with,0.5999,49
ENSG00000139626,MONDO_0005011,associated_with,0.5998,77
ENSG00000168811,MONDO_0005011,associated_with,0.5996,79
ENSG00000125910,MONDO_0005301,associated_with,0.5996,64
ENSG00000101224,MONDO_0004975,associated_with,0.5995,10
ENSG00000157219,MONDO_0005090,associated_with,0.5994,84
ENSG00000101162,MONDO_0004989,associated_with,0.5993,56
ENSG00000139626,MONDO_0005101,associated_with,0.5993,89
ENSG00000043591,MONDO_0004979,associated_with,0.5991,50
ENSG00000176014,MONDO_0004989,associated_with,0.5991,58
ENSG00000053918,MONDO_0005301,associated_with,0.599,42
ENSG00000127824,MONDO_0004989,associated_with,0.5989,57
ENSG00000073756,MONDO_0005010,associated_with,0.5987,154
ENSG00000158748,MONDO_0005090,associated_with,0.5987,64
ENSG00000128052,MONDO_0005575,associated_with,0.5987,617
ENSG00000113448,MONDO_0005083,associated_with,0.5984,53
ENSG00000188229,MONDO_0004989,associated_with,0.5983,54
ENSG00000151623,MONDO_0005300,associated_with,0.5982,923
ENSG00000150093,MONDO_0005301,associated_with,0.5982,70
ENSG00000177272,MONDO_0005301,associated_with,0.5981,186
ENSG00000176890,MONDO_0004989,associated_with,0.598,256
ENSG00000198033,MONDO_0004989,associated_with,0.598,52
ENSG00000166736,MONDO_0005090,associated_with,0.5977,75
ENSG00000120907,MONDO_0004979,associated_with,0.5976,33
ENSG00000104833,MONDO_0004989,associated_with,0.5975,52
ENSG00000036828,MONDO_0005300,associated_with,0.5971,179
ENSG00000228716,MONDO_0005083,associated_with,0.597,58
ENSG00000129484,MONDO_0008170,associated_with,0.597,246
ENSG00000188778,MONDO_0004979,associated_with,0.5966,34
ENSG00000157404,MONDO_0005575,associated_with,0.5966,282
ENSG00000174125,MONDO_0004979,associated_with,0.5965,93
ENSG00000113580,MONDO_0007915,associated_with,0.5965,99
ENSG00000274286,MONDO_0004979,associated_with,0.5963,33
ENSG00000134853,MONDO_0005575,associated_with,0.5963,188
ENSG00000012779,MONDO_0008383,associated_with,0.596,71
ENSG00000168811,MONDO_0005083,associated_with,0.596,47
ENSG00000139626,MONDO_0005301,associated_with,0.5955,63
ENSG00000149305,MONDO_0005090,associated_with,0.5952,38
ENSG00000157764,MONDO_0018177,associated_with,0.595,462
ENSG00000141736,MONDO_0004988,associated_with,0.5949,263
ENSG00000102755,MONDO_0005575,associated_with,0.5946,360
ENSG00000148680,MONDO_0005090,associated_with,0.5944,56
ENSG00000137285,MONDO_0008315,associated_with,0.5941,492
ENSG00000142627,MONDO_0005575,associated_with,0.5937,189
ENSG00000123416,MONDO_0008315,associated_with,0.5934,492
ENSG00000184611,MONDO_0005301,associated_with,0.5932,43
ENSG00000047936,MONDO_0005061,associated_with,0.5932,429
ENSG00000196230,MONDO_0008315,associated_with,0.5932,495
ENSG00000184588,MONDO_0005083,associated_with,0.5931,50
ENSG00000178084,MONDO_0005090,associated_with,0.5927,33
ENSG00000186038,MONDO_0005090,associated_with,0.5927,33
ENSG00000186090,MONDO_0005090,associated_with,0.5927,33
ENSG00000135914,MONDO_0005090,associated_with,0.5926,38
ENSG00000131759,MONDO_0005083,associated_with,0.5926,39
ENSG00000077092,MONDO_0005083,associated_with,0.5925,36
ENSG00000102967,MONDO_0005301,associated_with,0.5925,96
ENSG00000089692,MONDO_0005105,associated_with,0.5923,702
ENSG00000185760,MONDO_0005301,associated_with,0.5923,43
ENSG00000113721,MONDO_0005575,associated_with,0.5923,252
ENSG00000188229,MONDO_0008315,associated_with,0.5918,487
ENSG00000101162,MONDO_0008315,associated_with,0.5916,487
ENSG00000146904,MONDO_0004975,associated_with,0.5916,202
ENSG00000172819,MONDO_0005083,associated_with,0.5915,35
ENSG00000182255,MONDO_0005301,associated_with,0.5914,44
ENSG00000138613,MONDO_0004975,associated_with,0.5913,70
ENSG00000177301,MONDO_0005301,associated_with,0.5912,42
ENSG00000171385,MONDO_0005301,associated_with,0.5911,46
ENSG00000179097,MONDO_0005090,associated_with,0.5911,30
ENSG00000176014,MONDO_0008315,associated_with,0.591,489
ENSG00000179546,MONDO_0005090,associated_with,0.591,30
ENSG00000055118,MONDO_0005301,associated_with,0.5909,42
ENSG00000130037,MONDO_0005301,associated_with,0.5907,42
ENSG00000159110,MONDO_0005105,associated_with,0.5906,111
ENSG00000152086,MONDO_0008315,associated_with,0.5905,485
ENSG00000127824,MONDO_0008315,associated_with,0.5905,485
ENSG00000167552,MONDO_0008315,associated_with,0.5905,485
ENSG00000261456,MONDO_0008315,associated_with,0.5905,486
ENSG00000137267,MONDO_0008315,associated_with,0.5905,486
ENSG00000198033,MONDO_0008315,associated_with,0.5905,485
ENSG00000113161,MONDO_0005301,associated_with,0.5904,36
ENSG00000171126,MONDO_0005301,associated_with,0.5903,41
ENSG00000026559,MONDO_0005301,associated_with,0.5903,41
ENSG00000149311,MONDO_0005575,associated_with,0.5902,204
ENSG00000095303,MONDO_0005010,associated_with,0.5901,74
ENSG00000168830,MONDO_0005090,associated_with,0.5896,29
ENSG00000105650,MONDO_0005083,associated_with,0.5895,41
ENSG00000163599,MONDO_0005147,associated_with,0.5892,627
ENSG00000128059,MONDO_0008383,associated_with,0.589,19
ENSG00000183454,MONDO_0005090,associated_with,0.589,283
ENSG00000077782,MONDO_0005575,associated_with,0.5889,184
ENSG00000105397,MONDO_0005101,associated_with,0.5888,75
ENSG00000158864,MONDO_0005180,associated_with,0.5884,26
ENSG00000119414,MONDO_0005105,associated_with,0.5878,67
ENSG00000117586,MONDO_0007915,associated_with,0.5877,151
ENSG00000056972,MONDO_0008383,associated_with,0.5867,34
ENSG00000115594,MONDO_0008383,associated_with,0.5866,154
ENSG00000138378,MONDO_0008383,associated_with,0.5862,336
ENSG00000186350,MONDO_0005083,associated_with,0.586,24
ENSG00000113161,MONDO_0004975,associated_with,0.5859,162
ENSG00000099381,MONDO_0005090,associated_with,0.5857,104
ENSG00000115414,MONDO_0005010,associated_with,0.5852,99
ENSG00000073282,MONDO_0005061,associated_with,0.5851,52
ENSG00000204231,MONDO_0005083,associated_with,0.5846,21
ENSG00000135100,MONDO_0005010,associated_with,0.583,77
ENSG00000203710,MONDO_0004975,associated_with,0.5827,666
ENSG00000166323,MONDO_0016419,associated_with,0.5825,2285
ENSG00000166323,Orphanet_227535,associated_with,0.5825,2285
ENSG00000162434,MONDO_0005101,associated_with,0.5822,152
ENSG00000115267,MONDO_0005083,associated_with,0.582,105
ENSG00000133030,MONDO_0005575,associated_with,0.5816,85
ENSG00000143171,MONDO_0005083,associated_with,0.5814,19
ENSG00000143126,MONDO_0005010,associated_with,0.5812,98
ENSG00000171848,MONDO_0005105,associated_with,0.5812,75
ENSG00000142166,MONDO_0007915,associated_with,0.5802,213
ENSG00000168811,MONDO_0005101,associated_with,0.5801,33
ENSG00000138081,MONDO_0008170,associated_with,0.5798,20
ENSG00000170989,MONDO_0005101,associated_with,0.5796,102
ENSG00000041880,MONDO_0008170,associated_with,0.5794,115
ENSG00000198822,MONDO_0005090,associated_with,0.5792,199
ENSG00000160712,MONDO_0005010,associated_with,0.5791,212
ENSG00000144891,MONDO_0005300,associated_with,0.5778,230
ENSG00000128059,MONDO_0005011,associated_with,0.5778,30
ENSG00000004948,MONDO_0005298,associated_with,0.5778,59
ENSG00000140564,MONDO_0005010,associated_with,0.5773,68
ENSG00000136492,Orphanet_145,associated_with,0.5772,229
ENSG00000182511,MONDO_0005010,associated_with,0.5765,68
ENSG00000138378,MONDO_0007915,associated_with,0.5756,383
ENSG00000118689,MONDO_0004975,associated_with,0.5753,139
ENSG00000160752,MONDO_0008315,associated_with,0.575,47
ENSG00000137265,MONDO_0005105,associated_with,0.5749,79
ENSG00000048392,MONDO_0005105,associated_with,0.5746,34
ENSG00000153064,MONDO_0007915,associated_with,0.5741,108
ENSG00000086205,MONDO_0008315,associated_with,0.5737,7512
ENSG00000241404,MONDO_0005083,associated_with,0.5737,14
ENSG00000138376,Orphanet_145,associated_with,0.573,166
ENSG00000140718,MONDO_0005300,associated_with,0.5721,31
ENSG00000277893,MONDO_0008315,associated_with,0.5718,229
ENSG00000118785,MONDO_0005298,associated_with,0.57,199
ENSG00000180739,MONDO_0005101,associated_with,0.5695,43
ENSG00000134460,MONDO_0005147,associated_with,0.5691,362
ENSG00000149311,MONDO_0005061,associated_with,0.5684,104
ENSG00000112116,MONDO_0005083,associated_with,0.5678,365
ENSG00000091831,MONDO_0004988,associated_with,0.5677,203
ENSG00000107485,MONDO_0004988,associated_with,0.5676,16
ENSG00000145545,MONDO_0008315,associated_with,0.567,132
ENSG00000185345,MONDO_0008170,associated_with,0.5668,84
ENSG00000117713,MONDO_0004988,associated_with,0.5662,10
ENSG00000064687,MONDO_0004975,associated_with,0.5657,773
ENSG00000039068,MONDO_0016419,associated_with,0.5654,453
ENSG00000134389,MONDO_0005300,associated_with,0.5652,13
ENSG00000198851,MONDO_0005147,associated_with,0.5648,35
ENSG00000162434,MONDO_0005011,associated_with,0.5645,76
ENSG00000198900,MONDO_0008170,associated_with,0.5645,113
ENSG00000274286,MONDO_0004975,associated_with,0.5644,10
ENSG00000149311,Orphanet_145,associated_with,0.5641,557
ENSG00000118503,MONDO_0005083,associated_with,0.5641,181
ENSG00000167325,MONDO_0005105,associated_with,0.5636,35
ENSG00000162594,MONDO_0005083,associated_with,0.5632,368
ENSG00000135766,MONDO_0005300,associated_with,0.5626,45
ENSG00000128059,MONDO_0005101,associated_with,0.5621,11
ENSG00000162594,MONDO_0005011,associated_with,0.5618,253
ENSG00000127616,MONDO_0005061,associated_with,0.5615,112
ENSG00000269858,MONDO_0005300,associated_with,0.5615,32
ENSG00000150093,MONDO_0005011,associated_with,0.561,14
ENSG00000129521,MONDO_0005300,associated_with,0.5605,30
ENSG00000128039,MONDO_0008315,associated_with,0.5603,128
ENSG00000004779,MONDO_0004975,associated_with,0.5601,37
ENSG00000105639,MONDO_0005011,associated_with,0.56,42
ENSG00000111252,MONDO_0008383,associated_with,0.5591,52
ENSG00000171862,MONDO_0008170,associated_with,0.5587,766
ENSG00000171862,Orphanet_145,associated_with,0.5585,67
ENSG00000104687,MONDO_0018177,associated_with,0.5584,49
ENSG00000162594,MONDO_0005101,associated_with,0.5582,126
ENSG00000103546,MONDO_0004975,associated_with,0.5581,49
ENSG00000014257,MONDO_0008315,associated_with,0.5571,647
ENSG00000077498,MONDO_0005105,associated_with,0.5557,3048
ENSG00000030582,MONDO_0004975,associated_with,0.5554,587
ENSG00000082701,MONDO_0004975,associated_with,0.5548,2683
ENSG00000039068,MONDO_0008315,associated_with,0.5537,1002
ENSG00000131747,MONDO_0008170,associated_with,0.5534,226
ENSG00000112715,MONDO_0018177,associated_with,0.553,2906
ENSG00000160255,MONDO_0005083,associated_with,0.5527,55
ENSG00000055609,MONDO_0004988,associated_with,0.5524,11
ENSG00000095970,MONDO_0004975,associated_with,0.5524,3351
ENSG00000147883,MONDO_0004975,associated_with,0.5522,26
ENSG00000125910,MONDO_0005101,associated_with,0.5518,24
ENSG00000184292,MONDO_0005494,associated_with,0.5516,213
ENSG00000182511,MONDO_0005090,associated_with,0.5509,22
ENSG00000112964,MONDO_0005300,associated_with,0.5508,31
ENSG00000166323,Orphanet_145,associated_with,0.5495,186
ENSG00000136634,MONDO_0005101,associated_with,0.549,322
ENSG00000095015,MONDO_0004988,associated_with,0.5487,9
ENSG00000049768,MONDO_0005147,associated_with,0.548,558
ENSG00000215644,MONDO_0005147,associated_with,0.5475,115
ENSG00000111252,MONDO_0005083,associated_with,0.5471,16
ENSG00000105397,MONDO_0005147,associated_with,0.547,103
ENSG00000198900,MONDO_0005494,associated_with,0.5467,58
ENSG00000103811,MONDO_0005147,associated_with,0.5454,65
ENSG00000258947,MONDO_0008170,associated_with,0.5451,407
ENSG00000138821,MONDO_0005090,associated_with,0.5442,85
ENSG00000104320,Orphanet_145,associated_with,0.5432,81
ENSG00000160185,MONDO_0008383,associated_with,0.5423,29
ENSG00000121879,MONDO_0005061,associated_with,0.5403,222
ENSG00000147889,MONDO_0005061,associated_with,0.5401,159
ENSG00000113522,Orphanet_145,associated_with,0.5396,33
ENSG00000136238,MONDO_0005105,associated_with,0.5396,368
ENSG00000121879,MONDO_0018177,associated_with,0.5394,560
ENSG00000077782,MONDO_0018177,associated_with,0.5392,189
ENSG00000168928,MONDO_0005147,associated_with,0.5389,16
ENSG00000085224,MONDO_0018177,associated_with,0.5388,485
ENSG00000196262,MONDO_0005083,associated_with,0.5386,11
ENSG00000179630,MONDO_0005011,associated_with,0.5373,35
ENSG00000167552,MONDO_0008170,associated_with,0.5369,355
ENSG00000116062,Orphanet_145,associated_with,0.5369,155
ENSG00000196230,MONDO_0008170,associated_with,0.5368,375
ENSG00000076242,Orphanet_145,associated_with,0.5366,132
ENSG00000139687,MONDO_0004988,associated_with,0.5364,17
ENSG00000104044,MONDO_0005105,associated_with,0.5358,79
ENSG00000115524,MONDO_0004988,associated_with,0.5357,6
ENSG00000112182,MONDO_0005147,associated_with,0.5357,83
ENSG00000143226,MONDO_0007915,associated_with,0.5356,305
ENSG00000188229,MONDO_0008170,associated_with,0.5354,356
ENSG00000110195,MONDO_0008170,associated_with,0.5347,374
ENSG00000100342,MONDO_0005300,associated_with,0.5342,587
ENSG00000150637,MONDO_0005147,associated_with,0.5338,71
ENSG00000182732,MONDO_0005090,associated_with,0.5337,22
ENSG00000123416,MONDO_0008170,associated_with,0.5336,358
ENSG00000136634,MONDO_0005147,associated_with,0.5334,599
ENSG00000095002,MONDO_0016419,associated_with,0.5333,25
ENSG00000095002,Orphanet_227535,associated_with,0.5332,24
ENSG00000089012,MONDO_0005147,associated_with,0.533,33
ENSG00000138081,Orphanet_145,associated_with,0.5329,132
ENSG00000166415,MONDO_0005300,associated_with,0.5329,12
ENSG00000143226,MONDO_0005101,associated_with,0.5328,45
ENSG00000117713,MONDO_0005061,associated_with,0.5326,42
ENSG00000176014,MONDO_0008170,associated_with,0.5325,356
ENSG00000118503,MONDO_0007915,associated_with,0.5324,326
ENSG00000128815,MONDO_0007915,associated_with,0.5323,53
ENSG00000167553,MONDO_0008170,associated_with,0.5323,355
ENSG00000127824,MONDO_0008170,associated_with,0.5322,354
ENSG00000104833,MONDO_0008170,associated_with,0.5322,354
ENSG00000101162,MONDO_0008170,associated_with,0.5322,354
ENSG00000141655,MONDO_0005298,associated_with,0.5316,494
ENSG00000122512,Orphanet_145,associated_with,0.53,143
ENSG00000150625,MONDO_0005090,associated_with,0.53,31
ENSG00000116062,Orphanet_227535,associated_with,0.5298,28
ENSG00000116062,MONDO_0016419,associated_with,0.5295,26
ENSG00000178623,MONDO_0005101,associated_with,0.529,31
ENSG00000116701,MONDO_0007915,associated_with,0.5286,68
ENSG00000138081,MONDO_0016419,associated_with,0.5275,22
ENSG00000138081,Orphanet_227535,associated_with,0.5275,22
ENSG00000164053,MONDO_0007915,associated_with,0.5274,27
ENSG00000148737,MONDO_0005147,associated_with,0.5273,78
ENSG00000168925,MONDO_0005147,associated_with,0.5263,32
ENSG00000178623,MONDO_0005011,associated_with,0.5257,10
ENSG00000136634,MONDO_0007915,associated_with,0.5248,1389
ENSG00000112164,MONDO_0005147,associated_with,0.5247,485
ENSG00000164362,MONDO_0005061,associated_with,0.5243,86
ENSG00000166323,EFO_0009649,associated_with,0.524,10
ENSG00000076242,Orphanet_227535,associated_with,0.5238,24
ENSG00000112038,MONDO_0005090,associated_with,0.5238,42
ENSG00000076242,MONDO_0016419,associated_with,0.5236,21
ENSG00000145901,MONDO_0007915,associated_with,0.5232,138
ENSG00000139687,MONDO_0018177,associated_with,0.5221,604
ENSG00000168610,MONDO_0005011,associated_with,0.522,107
ENSG00000065559,MONDO_0004988,associated_with,0.5217,6
ENSG00000181634,MONDO_0005011,associated_with,0.5181,107
ENSG00000141027,MONDO_0004988,associated_with,0.5171,6
ENSG00000180871,MONDO_0005101,associated_with,0.5171,30
ENSG00000131196,MONDO_0005300,associated_with,0.5169,14
ENSG00000133703,MONDO_0004988,associated_with,0.5169,14
ENSG00000139531,MONDO_0005147,associated_with,0.5167,28
ENSG00000112499,MONDO_0005300,associated_with,0.5154,31
ENSG00000160201,MONDO_0005061,associated_with,0.5146,27
ENSG00000239732,MONDO_0007915,associated_with,0.5125,769
ENSG00000170836,MONDO_0016419,associated_with,0.5116,13
ENSG00000170836,Orphanet_227535,associated_with,0.5116,13
ENSG00000129514,MONDO_0004988,associated_with,0.5114,8
ENSG00000139370,MONDO_0007915,associated_with,0.5104,82
ENSG00000100170,MONDO_0005147,associated_with,0.51,99
ENSG00000085978,MONDO_0005011,associated_with,0.5096,382
ENSG00000196712,MONDO_0004988,associated_with,0.5096,11
ENSG00000196712,MONDO_0018177,associated_with,0.5093,690
ENSG00000095002,Orphanet_145,associated_with,0.5082,136
ENSG00000184432,MONDO_0005298,associated_with,0.5073,9
ENSG00000067955,MONDO_0004988,associated_with,0.5073,5
ENSG00000020922,Orphanet_145,associated_with,0.5069,56
ENSG00000134242,MONDO_0005011,associated_with,0.5062,58
ENSG00000131183,MONDO_0005300,associated_with,0.5026,38
ENSG00000187098,MONDO_0005105,associated_with,0.5008,2463
ENSG00000172575,MONDO_0007915,associated_with,0.5001,39
ENSG00000021826,MONDO_0005300,associated_with,0.4999,12
ENSG00000134982,MONDO_0005061,associated_with,0.4999,58
ENSG00000258839,MONDO_0005105,associated_with,0.4989,906
ENSG00000101017,MONDO_0005011,associated_with,0.4988,42
ENSG00000181555,MONDO_0005061,associated_with,0.4976,56
ENSG00000196712,MONDO_0005061,associated_with,0.4973,73
ENSG00000074803,MONDO_0005300,associated_with,0.4966,15
ENSG00000103460,MONDO_0006512,associated_with,0.4964,8
ENSG00000121879,Orphanet_227535,associated_with,0.4959,28
ENSG00000148737,MONDO_0005300,associated_with,0.4958,21
ENSG00000173531,MONDO_0005101,associated_with,0.4951,24
ENSG00000183765,MONDO_0006512,associated_with,0.4951,4
ENSG00000107960,MONDO_0005105,associated_with,0.4944,24
ENSG00000163823,MONDO_0007915,associated_with,0.4938,28
ENSG00000121879,MONDO_0016419,associated_with,0.4933,22
ENSG00000183486,MONDO_0005105,associated_with,0.4925,34
ENSG00000119772,MONDO_0005105,associated_with,0.4925,60
ENSG00000135111,MONDO_0004988,associated_with,0.4925,5
ENSG00000178467,MONDO_0005300,associated_with,0.4911,14
ENSG00000169083,MONDO_0005298,associated_with,0.4899,107
ENSG00000178568,MONDO_0005061,associated_with,0.4896,41
ENSG00000171094,MONDO_0005061,associated_with,0.4887,1873
ENSG00000140718,MONDO_0005494,associated_with,0.4887,15
ENSG00000100906,MONDO_0005011,associated_with,0.4884,26
ENSG00000181634,MONDO_0005101,associated_with,0.4881,52
ENSG00000037280,MONDO_0005105,associated_with,0.4871,147
ENSG00000146374,MONDO_0005298,associated_with,0.486,15
ENSG00000062822,MONDO_0005184,associated_with,0.4853,141
ENSG00000177084,MONDO_0005184,associated_with,0.4853,141
ENSG00000160185,MONDO_0005147,associated_with,0.4849,65
ENSG00000099810,MONDO_0005105,associated_with,0.4849,115
ENSG00000145675,MONDO_0018177,associated_with,0.4844,143
ENSG00000182326,MONDO_0007915,associated_with,0.4842,88
ENSG00000134954,MONDO_0007915,associated_with,0.4834,123
ENSG00000111252,MONDO_0005011,associated_with,0.4827,6
ENSG00000128604,MONDO_0005101,associated_with,0.4824,23
ENSG00000066468,MONDO_0006512,associated_with,0.4823,5
ENSG00000135446,MONDO_0005105,associated_with,0.4814,991
ENSG00000141736,MONDO_0004950,associated_with,0.4802,361
ENSG00000121281,MONDO_0005101,associated_with,0.48,8
ENSG00000175354,MONDO_0005147,associated_with,0.4799,169
ENSG00000112182,MONDO_0005011,associated_with,0.4798,19
ENSG00000159128,MONDO_0005011,associated_with,0.479,5
ENSG00000176920,MONDO_0005147,associated_with,0.4786,46
ENSG00000119919,MONDO_0005101,associated_with,0.4783,30
ENSG00000102024,MONDO_0005298,associated_with,0.4776,81
ENSG00000012048,MONDO_0005494,associated_with,0.4772,938
ENSG00000163362,MONDO_0005101,associated_with,0.477,11
ENSG00000103222,Orphanet_227535,associated_with,0.4759,12
ENSG00000103222,MONDO_0016419,associated_with,0.4759,12
ENSG00000119919,MONDO_0005011,associated_with,0.4758,41
ENSG00000112182,MONDO_0007915,associated_with,0.4739,33
ENSG00000214274,MONDO_0005147,associated_with,0.4739,23
ENSG00000117322,MONDO_0007915,associated_with,0.4733,142
ENSG00000184730,MONDO_0005147,associated_with,0.4725,10
ENSG00000176920,MONDO_0005011,associated_with,0.4724,61
ENSG00000138675,MONDO_0005300,associated_with,0.4717,10
ENSG00000100170,MONDO_0005300,associated_with,0.4716,42
ENSG00000164761,MONDO_0005298,associated_with,0.4704,1039
ENSG00000213918,MONDO_0007915,associated_with,0.4702,161
ENSG00000153814,MONDO_0007915,associated_with,0.4699,17
ENSG00000145996,MONDO_0005011,associated_with,0.4696,16
ENSG00000115267,MONDO_0005147,associated_with,0.4672,305
ENSG00000107960,MONDO_0005061,associated_with,0.4666,8
ENSG00000198690,MONDO_0005300,associated_with,0.4664,16
ENSG00000002745,MONDO_0005298,associated_with,0.4646,47
ENSG00000187790,MONDO_0016419,associated_with,0.4646,6
ENSG00000187790,Orphanet_227535,associated_with,0.4639,4
ENSG00000107249,MONDO_0005147,associated_with,0.4634,73
ENSG00000039068,MONDO_0000552,associated_with,0.463,250
ENSG00000168702,MONDO_0005061,associated_with,0.463,31
ENSG00000081052,MONDO_0005300,associated_with,0.4624,56
ENSG00000171368,MONDO_0005300,associated_with,0.4616,9
ENSG00000091831,MONDO_0006244,associated_with,0.4614,4
ENSG00000198900,MONDO_0005184,associated_with,0.4609,86
ENSG00000139618,MONDO_0004953,associated_with,0.46,51
ENSG00000095015,MONDO_0021116,associated_with,0.4594,5
ENSG00000139618,MONDO_0005061,associated_with,0.459,43
ENSG00000196937,MONDO_0005298,associated_with,0.4562,12
ENSG00000167653,MONDO_0004950,associated_with,0.4553,15
ENSG00000140718,MONDO_0006513,associated_with,0.4542,2
ENSG00000165731,MONDO_0005061,associated_with,0.4541,345
ENSG00000164362,MONDO_0018177,associated_with,0.4534,1034
ENSG00000164362,MONDO_0006513,associated_with,0.4533,6
ENSG00000140718,MONDO_0006512,associated_with,0.4527,2
ENSG00000113522,Orphanet_227535,associated_with,0.4525,46
ENSG00000138593,MONDO_0005061,associated_with,0.4523,9
ENSG00000113522,MONDO_0016419,associated_with,0.4506,47
ENSG00000143924,MONDO_0005061,associated_with,0.4484,358
ENSG00000083093,MONDO_0006512,associated_with,0.4473,2
ENSG00000083093,MONDO_0006513,associated_with,0.4473,2
ENSG00000079215,MONDO_0005298,associated_with,0.4462,5
ENSG00000082175,MONDO_0005298,associated_with,0.4447,12
ENSG00000111252,MONDO_0005298,associated_with,0.4445,4
ENSG00000198900,MONDO_0006244,associated_with,0.4444,5
ENSG00000116729,MONDO_0005298,associated_with,0.444,12
ENSG00000179295,MONDO_0018177,associated_with,0.442,79
ENSG00000091831,MONDO_0021115,associated_with,0.44,10
ENSG00000115170,MONDO_0005184,associated_with,0.4396,6
ENSG00000149311,MONDO_0004950,associated_with,0.4394,15
ENSG00000165392,MONDO_0004950,associated_with,0.439,3
ENSG00000173171,MONDO_0004950,associated_with,0.438,9
ENSG00000065361,MONDO_0004988,associated_with,0.4376,7
ENSG00000051180,MONDO_0016419,associated_with,0.4345,8
ENSG00000132781,MONDO_0016419,associated_with,0.434,12
ENSG00000051180,Orphanet_227535,associated_with,0.4337,10
ENSG00000132781,Orphanet_227535,associated_with,0.4324,7
ENSG00000147883,MONDO_0018177,associated_with,0.4322,103
ENSG00000140718,MONDO_0021116,associated_with,0.4313,2
ENSG00000240583,MONDO_0005298,associated_with,0.431,7
ENSG00000012048,MONDO_0004953,associated_with,0.431,113
ENSG00000066468,MONDO_0021116,associated_with,0.4287,3
ENSG00000144554,Orphanet_227535,associated_with,0.4277,6
ENSG00000091831,MONDO_0005628,associated_with,0.4264,23
ENSG00000144554,MONDO_0016419,associated_with,0.4261,3
ENSG00000171862,MONDO_0016419,associated_with,0.4251,13
ENSG00000120262,MONDO_0005298,associated_with,0.4248,19
ENSG00000185379,Orphanet_227535,associated_with,0.424,3
ENSG00000137869,MONDO_0005298,associated_with,0.424,301
ENSG00000188389,MONDO_0005494,associated_with,0.4238,457
ENSG00000185379,MONDO_0016419,associated_with,0.4237,2
ENSG00000188389,MONDO_0018177,associated_with,0.4236,825
ENSG00000137285,MONDO_0005494,associated_with,0.4235,234
ENSG00000171862,Orphanet_227535,associated_with,0.4234,19
ENSG00000258947,MONDO_0005494,associated_with,0.4232,239
ENSG00000137267,MONDO_0005494,associated_with,0.4224,234
ENSG00000120217,MONDO_0005184,associated_with,0.4217,244
ENSG00000120217,MONDO_0005494,associated_with,0.4216,1428
ENSG00000167553,MONDO_0005184,associated_with,0.4216,144
ENSG00000167553,MONDO_0005494,associated_with,0.4213,234
ENSG00000176014,MONDO_0005494,associated_with,0.4209,234
ENSG00000123416,MONDO_0005494,associated_with,0.4209,234
ENSG00000196230,MONDO_0005494,associated_with,0.4205,233
ENSG00000104833,MONDO_0005494,associated_with,0.4205,233
ENSG00000261456,MONDO_0005494,associated_with,0.4205,233
ENSG00000198033,MONDO_0005494,associated_with,0.4205,233
ENSG00000188229,MONDO_0005494,associated_with,0.4205,233
ENSG00000127824,MONDO_0005494,associated_with,0.4205,233
ENSG00000152086,MONDO_0005494,associated_with,0.4205,233
ENSG00000101162,MONDO_0005494,associated_with,0.4205,233
ENSG00000167552,MONDO_0005494,associated_with,0.4205,233
ENSG00000048462,MONDO_0004950,associated_with,0.4201,5
ENSG00000171522,MONDO_0004950,associated_with,0.4198,19
ENSG00000148737,MONDO_0005494,associated_with,0.4194,4
ENSG00000066468,MONDO_0006513,associated_with,0.4192,2
ENSG00000146143,MONDO_0005184,associated_with,0.4189,143
ENSG00000174371,MONDO_0006512,associated_with,0.4184,2
ENSG00000118046,Orphanet_145,associated_with,0.4184,75
ENSG00000167325,MONDO_0005184,associated_with,0.4183,141
ENSG00000066468,MONDO_0021115,associated_with,0.4182,3
ENSG00000171848,MONDO_0005184,associated_with,0.418,149
ENSG00000204531,MONDO_0004950,associated_with,0.4177,9
ENSG00000258947,MONDO_0005184,associated_with,0.4176,137
ENSG00000176890,MONDO_0005184,associated_with,0.4167,97
ENSG00000167552,MONDO_0005184,associated_with,0.416,135
ENSG00000113638,MONDO_0004950,associated_with,0.4159,12
ENSG00000103460,MONDO_0005494,associated_with,0.4159,4
ENSG00000100479,MONDO_0005184,associated_with,0.4159,140
ENSG00000148229,MONDO_0005184,associated_with,0.4159,140
ENSG00000106628,MONDO_0005184,associated_with,0.4159,140
ENSG00000175482,MONDO_0005184,associated_with,0.4159,140
ENSG00000077514,MONDO_0005184,associated_with,0.4159,140
ENSG00000101868,MONDO_0005184,associated_with,0.4159,140
ENSG00000198056,MONDO_0005184,associated_with,0.4159,140
ENSG00000048392,MONDO_0005184,associated_with,0.4159,140
ENSG00000014138,MONDO_0005184,associated_with,0.4159,140
ENSG00000103460,MONDO_0021115,associated_with,0.4156,2
ENSG00000176890,MONDO_0005494,associated_with,0.4146,51
ENSG00000196230,MONDO_0005184,associated_with,0.4143,135
ENSG00000141510,MONDO_0005023,associated_with,0.414,270
ENSG00000104833,MONDO_0005184,associated_with,0.4139,134
ENSG00000137267,MONDO_0005184,associated_with,0.4139,134
ENSG00000152086,MONDO_0005184,associated_with,0.4139,134
ENSG00000261456,MONDO_0005184,associated_with,0.4139,134
ENSG00000137285,MONDO_0005184,associated_with,0.4139,134
ENSG00000176014,MONDO_0005184,associated_with,0.4139,134
ENSG00000101162,MONDO_0005184,associated_with,0.4139,134
ENSG00000123416,MONDO_0005184,associated_with,0.4139,134
ENSG00000139618,MONDO_0006513,associated_with,0.4132,4
ENSG00000164362,MONDO_0005494,associated_with,0.4127,13
ENSG00000198727,Orphanet_227535,associated_with,0.4127,33
ENSG00000198727,MONDO_0016419,associated_with,0.4127,33
ENSG00000168036,MONDO_0005298,associated_with,0.4125,55
ENSG00000105173,MONDO_0004950,associated_with,0.4119,34
ENSG00000163399,MONDO_0004950,associated_with,0.4084,2
ENSG00000132781,Orphanet_145,associated_with,0.4082,8
ENSG00000134853,MONDO_0018177,associated_with,0.4074,771
ENSG00000148143,Orphanet_227535,associated_with,0.407,2
ENSG00000148143,MONDO_0016419,associated_with,0.407,2
ENSG00000139618,MONDO_0005590,associated_with,0.4061,21
ENSG00000106628,MONDO_0005494,associated_with,0.4059,31
ENSG00000171848,MONDO_0005494,associated_with,0.4051,35
ENSG00000159216,MONDO_0004988,associated_with,0.4048,3
ENSG00000066468,MONDO_0004950,associated_with,0.4047,34
ENSG00000062822,MONDO_0005494,associated_with,0.4047,31
ENSG00000167325,MONDO_0005494,associated_with,0.4042,30
ENSG00000014138,MONDO_0005494,associated_with,0.4039,29
ENSG00000108175,MONDO_0021116,associated_with,0.4037,2
ENSG00000108175,MONDO_0006512,associated_with,0.4031,2
ENSG00000180530,MONDO_0021116,associated_with,0.4024,3
ENSG00000103460,MONDO_0006513,associated_with,0.4021,2
ENSG00000012048,MONDO_0005590,associated_with,0.4009,39
ENSG00000091831,MONDO_0006513,associated_with,0.3993,8
ENSG00000110693,MONDO_0005298,associated_with,0.399,19
ENSG00000091831,MONDO_0005023,associated_with,0.3985,884
ENSG00000111276,MONDO_0004988,associated_with,0.3981,6
ENSG00000160007,MONDO_0005590,associated_with,0.3978,2
ENSG00000198901,MONDO_0006512,associated_with,0.3974,3
ENSG00000113721,MONDO_0018177,associated_with,0.3966,486
ENSG00000123106,MONDO_0021116,associated_with,0.3958,4
ENSG00000164749,MONDO_0021116,associated_with,0.3956,3
ENSG00000091831,MONDO_0005590,associated_with,0.3951,261
ENSG00000188229,MONDO_0004950,associated_with,0.395,13
ENSG00000105810,MONDO_0006244,associated_with,0.3944,5
ENSG00000139618,EFO_0009649,associated_with,0.3942,10
ENSG00000121879,MONDO_0005023,associated_with,0.3939,70
ENSG00000141736,MONDO_0005023,associated_with,0.3936,1335
ENSG00000039068,MONDO_0004950,associated_with,0.3933,257
ENSG00000187790,Orphanet_145,associated_with,0.3928,27
ENSG00000197122,MONDO_0004950,associated_with,0.3928,29
ENSG00000168594,MONDO_0021116,associated_with,0.3914,2
ENSG00000078403,MONDO_0021116,associated_with,0.3913,4
ENSG00000135111,MONDO_0021116,associated_with,0.3907,2
ENSG00000121879,MONDO_0006256,associated_with,0.3905,82
ENSG00000197299,Orphanet_145,associated_with,0.3902,19
ENSG00000157404,MONDO_0018177,associated_with,0.3895,205
ENSG00000113721,MONDO_0004950,associated_with,0.3888,14
ENSG00000121879,MONDO_0006043,associated_with,0.3888,3
ENSG00000141510,MONDO_0006256,associated_with,0.3884,270
ENSG00000091831,MONDO_0000552,associated_with,0.3879,123
ENSG00000037280,MONDO_0004950,associated_with,0.3874,15
ENSG00000141510,MONDO_0004950,associated_with,0.3855,436
ENSG00000198400,MONDO_0004950,associated_with,0.3853,21
ENSG00000091831,MONDO_0004950,associated_with,0.3847,41
ENSG00000104447,MONDO_0006512,associated_with,0.3846,2
ENSG00000077782,MONDO_0004950,associated_with,0.3846,5
ENSG00000162733,MONDO_0004950,associated_with,0.3841,3
ENSG00000121879,MONDO_0006244,associated_with,0.3839,2
ENSG00000117713,MONDO_0004950,associated_with,0.3836,38
ENSG00000039068,MONDO_0006270,associated_with,0.3833,56
ENSG00000101972,MONDO_0018177,associated_with,0.3829,49
ENSG00000141736,MONDO_0000552,associated_with,0.3828,165
ENSG00000134371,MONDO_0004950,associated_with,0.3811,6
ENSG00000141736,MONDO_0005590,associated_with,0.3804,337
ENSG00000091831,MONDO_0006512,associated_with,0.3803,19
ENSG00000065361,MONDO_0004950,associated_with,0.3803,11
ENSG00000178568,MONDO_0004950,associated_with,0.3798,9
ENSG00000136352,MONDO_0004950,associated_with,0.3796,2
ENSG00000067560,MONDO_0004950,associated_with,0.3794,20
ENSG00000175387,MONDO_0004950,associated_with,0.379,18
ENSG00000127616,MONDO_0004950,associated_with,0.3787,14
ENSG00000131747,MONDO_0004988,associated_with,0.3787,5
ENSG00000039068,Orphanet_145,associated_with,0.3783,106
ENSG00000107485,MONDO_0006256,associated_with,0.3772,52
ENSG00000039068,MONDO_0006256,associated_with,0.3767,140
ENSG00000117713,MONDO_0018177,associated_with,0.3767,19
ENSG00000118513,MONDO_0003185,associated_with,0.3767,9
ENSG00000079308,MONDO_0021116,associated_with,0.3762,2
ENSG00000118689,MONDO_0005590,associated_with,0.3759,3
ENSG00000142208,MONDO_0005590,associated_with,0.375,8
ENSG00000128052,MONDO_0018177,associated_with,0.3746,626
ENSG00000111276,MONDO_0006256,associated_with,0.3743,9
ENSG00000100644,MONDO_0005590,associated_with,0.3743,9
ENSG00000141510,MONDO_0005590,associated_with,0.3743,81
ENSG00000138795,MONDO_0005590,associated_with,0.3743,2
ENSG00000171791,MONDO_0005590,associated_with,0.3736,20
ENSG00000196712,Orphanet_145,associated_with,0.3734,22
ENSG00000095015,MONDO_0006256,associated_with,0.3734,5
ENSG00000121879,MONDO_0005590,associated_with,0.3731,20
ENSG00000107485,MONDO_0005590,associated_with,0.3731,14
ENSG00000169083,MONDO_0005590,associated_with,0.3729,35
ENSG00000171862,MONDO_0005590,associated_with,0.3729,9
ENSG00000121879,MONDO_0000552,associated_with,0.3728,16
ENSG00000007312,MONDO_0006117,associated_with,0.3726,7
ENSG00000172936,MONDO_0006117,associated_with,0.3725,11
ENSG00000142208,MONDO_0000552,associated_with,0.3725,5
ENSG00000141510,MONDO_0006043,associated_with,0.3724,5
ENSG00000141510,MONDO_0005063,associated_with,0.3722,5
ENSG00000135679,MONDO_0005590,associated_with,0.3721,5
ENSG00000079805,MONDO_0005590,associated_with,0.3721,3
ENSG00000065559,MONDO_0006256,associated_with,0.3721,5
ENSG00000156970,MONDO_0005590,associated_with,0.3721,4
ENSG00000189283,MONDO_0005590,associated_with,0.372,4
ENSG00000157168,MONDO_0005590,associated_with,0.372,3
ENSG00000070371,MONDO_0005590,associated_with,0.372,3
ENSG00000018408,MONDO_0005590,associated_with,0.3719,2
ENSG00000141510,MONDO_0003624,associated_with,0.3717,4
ENSG00000129514,MONDO_0005590,associated_with,0.3716,4
ENSG00000133818,MONDO_0005590,associated_with,0.3714,3
ENSG00000095015,MONDO_0000552,associated_with,0.3712,3
ENSG00000100030,MONDO_0005590,associated_with,0.3711,2
ENSG00000083093,MONDO_0005590,associated_with,0.3711,2
ENSG00000129514,MONDO_0000552,associated_with,0.3711,3
ENSG00000164362,MONDO_0005590,associated_with,0.3709,2
ENSG00000165025,MONDO_0005590,associated_with,0.3709,2
ENSG00000143252,MONDO_0000552,associated_with,0.3709,2
ENSG00000147050,MONDO_0005590,associated_with,0.3709,2
ENSG00000114861,MONDO_0005590,associated_with,0.3709,2
ENSG00000248905,Orphanet_145,associated_with,0.3708,3
ENSG00000141736,MONDO_0006306,associated_with,0.3707,3
ENSG00000067955,MONDO_0000552,associated_with,0.3706,2
ENSG00000141510,MONDO_0006244,associated_with,0.3704,2
ENSG00000196584,Orphanet_145,associated_with,0.3704,3
ENSG00000135111,MONDO_0000552,associated_with,0.3704,2
ENSG00000147257,MONDO_0000552,associated_with,0.3704,2
ENSG00000039068,MONDO_0006306,associated_with,0.3704,2
ENSG00000102755,MONDO_0018177,associated_with,0.3701,160
ENSG00000182185,MONDO_0006244,associated_with,0.37,1
ENSG00000178105,MONDO_0006244,associated_with,0.37,1
ENSG00000065559,MONDO_0000552,associated_with,0.37,1
ENSG00000169083,MONDO_0006244,associated_with,0.37,1
ENSG00000197157,MONDO_0006244,associated_with,0.37,1
ENSG00000152894,MONDO_0006244,associated_with,0.37,1
ENSG00000161405,MONDO_0006244,associated_with,0.37,1
ENSG00000145012,MONDO_0000552,associated_with,0.37,1
ENSG00000171735,MONDO_0000552,associated_with,0.37,1
ENSG00000127946,MONDO_0006244,associated_with,0.37,1
ENSG00000163629,MONDO_0006244,associated_with,0.37,1
ENSG00000183337,MONDO_0006244,associated_with,0.37,1
ENSG00000055609,MONDO_0006116,associated_with,0.37,1
ENSG00000039068,MONDO_0006116,associated_with,0.37,1
ENSG00000183454,MONDO_0006244,associated_with,0.37,1
ENSG00000134371,MONDO_0006244,associated_with,0.37,1
ENSG00000145012,MONDO_0006244,associated_with,0.37,1
ENSG00000117713,MONDO_0004379,associated_with,0.37,1
ENSG00000157168,MONDO_0000552,associated_with,0.37,1
ENSG00000115170,MONDO_0006244,associated_with,0.37,1
ENSG00000136754,MONDO_0006244,associated_with,0.37,1
ENSG00000121879,MONDO_0006306,associated_with,0.37,1
ENSG00000049618,MONDO_0006244,associated_with,0.37,1
ENSG00000136492,MONDO_0006244,associated_with,0.37,1
ENSG00000121879,MONDO_0021116,associated_with,0.37,1
ENSG00000135111,MONDO_0006306,associated_with,0.37,1
ENSG00000065559,MONDO_0006116,associated_with,0.37,1
ENSG00000121879,MONDO_0006116,associated_with,0.37,1
ENSG00000214827,MONDO_0000552,associated_with,0.37,1
ENSG00000196498,MONDO_0006244,associated_with,0.37,1
ENSG00000101096,MONDO_0006244,associated_with,0.37,1
ENSG00000121879,MONDO_0004379,associated_with,0.37,1
ENSG00000018408,MONDO_0006244,associated_with,0.37,1
ENSG00000144218,MONDO_0000552,associated_with,0.37,1
ENSG00000147257,MONDO_0006244,associated_with,0.37,1
ENSG00000046889,MONDO_0006244,associated_with,0.37,1
ENSG00000184384,MONDO_0006244,associated_with,0.37,1
ENSG00000135111,MONDO_0006116,associated_with,0.37,1
ENSG00000136754,MONDO_0000552,associated_with,0.37,1
ENSG00000085276,MONDO_0006244,associated_with,0.37,1
ENSG00000095015,MONDO_0006116,associated_with,0.37,1
ENSG00000153944,MONDO_0006244,associated_with,0.37,1
ENSG00000107485,MONDO_0004379,associated_with,0.37,1
ENSG00000286522,MONDO_0000552,associated_with,0.37,1
ENSG00000129514,MONDO_0006116,associated_with,0.37,1
ENSG00000129204,MONDO_0004988,associated_with,0.37,1
ENSG00000107485,MONDO_0006116,associated_with,0.37,1
ENSG00000141027,MONDO_0000552,associated_with,0.37,1
ENSG00000129514,MONDO_0006306,associated_with,0.37,1
ENSG00000147655,MONDO_0000552,associated_with,0.37,1
ENSG00000141027,MONDO_0006116,associated_with,0.37,1
ENSG00000142208,MONDO_0004379,associated_with,0.37,1
ENSG00000142208,MONDO_0006116,associated_with,0.37,1
ENSG00000189283,MONDO_0000552,associated_with,0.37,1
ENSG00000055609,MONDO_0000552,associated_with,0.37,1
ENSG00000141510,MONDO_0004379,associated_with,0.37,1
ENSG00000121879,MONDO_0021115,associated_with,0.37,1
ENSG00000142611,MONDO_0000552,associated_with,0.37,1
ENSG00000091831,MONDO_0006116,associated_with,0.37,1
ENSG00000181788,MONDO_0006512,associated_with,0.369,3
ENSG00000123416,MONDO_0005023,associated_with,0.3668,7
ENSG00000104320,MONDO_0016419,associated_with,0.366,7
ENSG00000258947,MONDO_0005023,associated_with,0.3656,6
ENSG00000104320,Orphanet_227535,associated_with,0.3641,6
ENSG00000198033,MONDO_0005023,associated_with,0.3641,4
ENSG00000196230,MONDO_0005023,associated_with,0.3641,4
ENSG00000127824,MONDO_0005023,associated_with,0.3641,4
ENSG00000152086,MONDO_0005023,associated_with,0.3641,4
ENSG00000167552,MONDO_0005023,associated_with,0.3641,4
ENSG00000176014,MONDO_0005023,associated_with,0.3641,4
ENSG00000167553,MONDO_0005023,associated_with,0.3641,4
ENSG00000101162,MONDO_0005023,associated_with,0.3641,4
ENSG00000104833,MONDO_0005023,associated_with,0.3641,4
ENSG00000137267,MONDO_0005023,associated_with,0.3641,4
ENSG00000188229,MONDO_0005023,associated_with,0.3641,4
ENSG00000137285,MONDO_0005023,associated_with,0.3641,4
ENSG00000261456,MONDO_0005023,associated_with,0.3641,4
ENSG00000121858,MONDO_0021116,associated_with,0.3639,2
ENSG00000189167,Orphanet_145,associated_with,0.3639,4
ENSG00000118245,MONDO_0006512,associated_with,0.3631,5
ENSG00000064012,MONDO_0004988,associated_with,0.3624,6
ENSG00000102974,MONDO_0004988,associated_with,0.3598,4
ENSG00000141736,MONDO_0006256,associated_with,0.3584,2232
ENSG00000132432,MONDO_0018177,associated_with,0.3575,50
ENSG00000064763,MONDO_0021116,associated_with,0.3574,3
ENSG00000095002,MONDO_0018177,associated_with,0.3573,89
ENSG00000164749,MONDO_0006512,associated_with,0.3558,2
ENSG00000099949,MONDO_0018177,associated_with,0.3555,30
ENSG00000143799,MONDO_0018177,associated_with,0.3553,296
ENSG00000145675,MONDO_0004988,associated_with,0.355,6
ENSG00000163491,MONDO_0021116,associated_with,0.3547,2
ENSG00000198900,MONDO_0018177,associated_with,0.3532,77
ENSG00000112996,MONDO_0021116,associated_with,0.3528,6
ENSG00000275410,MONDO_0006513,associated_with,0.3523,2
ENSG00000012048,MONDO_0004988,associated_with,0.3521,23
ENSG00000258947,MONDO_0006804,associated_with,0.3504,27
ENSG00000037280,MONDO_0018177,associated_with,0.3503,75
ENSG00000152086,MONDO_0006804,associated_with,0.3498,26
ENSG00000261456,MONDO_0006804,associated_with,0.3498,26
ENSG00000137285,MONDO_0006804,associated_with,0.3498,26
ENSG00000127824,MONDO_0006804,associated_with,0.3498,26
ENSG00000104833,MONDO_0006804,associated_with,0.3498,26
ENSG00000188229,MONDO_0006804,associated_with,0.3498,26
ENSG00000176014,MONDO_0006804,associated_with,0.3498,26
ENSG00000196230,MONDO_0006804,associated_with,0.3498,26
ENSG00000137267,MONDO_0006804,associated_with,0.3498,26
ENSG00000167553,MONDO_0006804,associated_with,0.3498,26
ENSG00000167552,MONDO_0006804,associated_with,0.3498,26
ENSG00000123416,MONDO_0006804,associated_with,0.3498,26
ENSG00000198033,MONDO_0006804,associated_with,0.3498,26
ENSG00000101162,MONDO_0006804,associated_with,0.3498,26
ENSG00000091831,MONDO_0021116,associated_with,0.3493,17
ENSG00000137869,MONDO_0006512,associated_with,0.3477,15
ENSG00000012048,MONDO_0005063,associated_with,0.3471,18
ENSG00000136770,MONDO_0006512,associated_with,0.3458,2
ENSG00000114861,MONDO_0021116,associated_with,0.3449,2
ENSG00000169184,MONDO_0021115,associated_with,0.3443,1
ENSG00000091831,MONDO_0000618,associated_with,0.3436,3
ENSG00000065526,MONDO_0004988,associated_with,0.3434,5
ENSG00000066468,MONDO_0005023,associated_with,0.3427,6
ENSG00000189283,Orphanet_145,associated_with,0.3423,2
ENSG00000163491,MONDO_0006512,associated_with,0.3422,2
ENSG00000118245,MONDO_0021116,associated_with,0.3414,4
ENSG00000197299,MONDO_0016419,associated_with,0.3412,2
ENSG00000125885,MONDO_0006512,associated_with,0.3411,1
ENSG00000125885,MONDO_0006513,associated_with,0.3411,1
ENSG00000181291,Orphanet_227535,associated_with,0.3408,2
ENSG00000160957,MONDO_0016419,associated_with,0.3408,2
ENSG00000160957,Orphanet_227535,associated_with,0.3404,1
ENSG00000174307,MONDO_0021116,associated_with,0.3393,1
ENSG00000167553,MONDO_0006256,associated_with,0.3387,6
ENSG00000123416,MONDO_0006256,associated_with,0.3385,5
ENSG00000120262,MONDO_0006512,associated_with,0.338,4
ENSG00000149311,MONDO_0006512,associated_with,0.3379,1
ENSG00000258947,MONDO_0006256,associated_with,0.337,5
ENSG00000167552,MONDO_0006256,associated_with,0.3366,4
ENSG00000261456,MONDO_0006256,associated_with,0.3366,4
ENSG00000152086,MONDO_0006256,associated_with,0.3366,4
ENSG00000176014,MONDO_0006256,associated_with,0.3366,4
ENSG00000127824,MONDO_0006256,associated_with,0.3366,4
ENSG00000137267,MONDO_0006256,associated_with,0.3366,4
ENSG00000101162,MONDO_0006256,associated_with,0.3366,4
ENSG00000137285,MONDO_0006256,associated_with,0.3366,4
ENSG00000104833,MONDO_0006256,associated_with,0.3366,4
ENSG00000188229,MONDO_0006256,associated_with,0.3366,4
ENSG00000198033,MONDO_0006256,associated_with,0.3366,4
ENSG00000196230,MONDO_0006256,associated_with,0.3366,4
ENSG00000103460,MONDO_0005023,associated_with,0.3364,4
ENSG00000015133,MONDO_0021116,associated_with,0.336,2
ENSG00000174371,MONDO_0021116,associated_with,0.3357,1
ENSG00000169946,MONDO_0006512,associated_with,0.3348,1
ENSG00000103460,MONDO_0005628,associated_with,0.3342,1
ENSG00000012048,EFO_0022984,associated_with,0.3341,2
ENSG00000179023,MONDO_0021116,associated_with,0.3341,1
ENSG00000169946,MONDO_0021116,associated_with,0.334,1
ENSG00000103460,MONDO_0000618,associated_with,0.334,1
ENSG00000139618,EFO_0022984,associated_with,0.333,1
ENSG00000066468,MONDO_0000618,associated_with,0.33,1
ENSG00000103460,MONDO_0021116,associated_with,0.3283,1
ENSG00000139618,MONDO_0006512,associated_with,0.3276,2
ENSG00000147883,MONDO_0021116,associated_with,0.3266,2
ENSG00000183765,MONDO_0006513,associated_with,0.3261,2
ENSG00000152217,MONDO_0021116,associated_with,0.3255,2
ENSG00000103460,EFO_0009443,associated_with,0.3247,1
ENSG00000012048,EFO_0009649,associated_with,0.3213,5
ENSG00000110092,MONDO_0006512,associated_with,0.319,5
ENSG00000212993,MONDO_0021115,associated_with,0.3184,2
ENSG00000137869,MONDO_0005023,associated_with,0.3182,78
ENSG00000163513,MONDO_0021116,associated_with,0.3165,1
ENSG00000198807,MONDO_0021116,associated_with,0.3161,2
ENSG00000078403,MONDO_0006512,associated_with,0.3158,3
ENSG00000100354,MONDO_0006513,associated_with,0.3151,2
ENSG00000168143,MONDO_0006512,associated_with,0.3142,1
ENSG00000150995,MONDO_0021116,associated_with,0.3134,2
ENSG00000038219,MONDO_0021115,associated_with,0.3134,1
ENSG00000168769,MONDO_0006513,associated_with,0.3119,1
ENSG00000236699,MONDO_0006512,associated_with,0.3104,1
ENSG00000147883,MONDO_0006512,associated_with,0.3098,1
ENSG00000120262,MONDO_0021115,associated_with,0.3069,5
ENSG00000148737,MONDO_0006513,associated_with,0.3063,1
ENSG00000087494,MONDO_0006513,associated_with,0.3044,2
ENSG00000139618,MONDO_0006270,associated_with,0.3027,11
ENSG00000130592,MONDO_0021115,associated_with,0.3013,1
ENSG00000183654,MONDO_0006512,associated_with,0.3005,1
ENSG00000139618,MONDO_0004658,associated_with,0.3005,5
ENSG00000136826,MONDO_0006512,associated_with,0.2997,3
ENSG00000182185,MONDO_0006512,associated_with,0.2994,2
ENSG00000039068,MONDO_0005023,associated_with,0.299,118
ENSG00000131747,MONDO_0006804,associated_with,0.2988,10
ENSG00000142208,MONDO_0005023,associated_with,0.2984,47
ENSG00000134504,MONDO_0006512,associated_with,0.2981,1
ENSG00000178202,MONDO_0006513,associated_with,0.2962,1
ENSG00000091831,MONDO_0004953,associated_with,0.2939,996
ENSG00000118245,MONDO_0021115,associated_with,0.2923,2
ENSG00000176890,MONDO_0006804,associated_with,0.2918,5
ENSG00000095015,MONDO_0021115,associated_with,0.2918,3
ENSG00000142655,MONDO_0006513,associated_with,0.2906,1
ENSG00000119535,MONDO_0006804,associated_with,0.2906,6
ENSG00000131747,MONDO_0006256,associated_with,0.2895,27
ENSG00000164749,MONDO_0021115,associated_with,0.2879,1
ENSG00000147889,MONDO_0006256,associated_with,0.2859,26
ENSG00000134982,MONDO_0006256,associated_with,0.2858,10
ENSG00000012048,MONDO_0006256,associated_with,0.2857,247
ENSG00000120217,MONDO_0000552,associated_with,0.2856,6
ENSG00000077782,MONDO_0000552,associated_with,0.2841,5
ENSG00000136997,MONDO_0000552,associated_with,0.2839,5
ENSG00000143867,MONDO_0006513,associated_with,0.2838,1
ENSG00000139687,MONDO_0006256,associated_with,0.2837,25
ENSG00000117713,MONDO_0006256,associated_with,0.2835,9
ENSG00000187720,EFO_0009782,associated_with,0.2834,1
ENSG00000187720,MONDO_0000618,associated_with,0.2834,1
ENSG00000171862,MONDO_0006256,associated_with,0.2834,45
ENSG00000055609,MONDO_0005023,associated_with,0.2829,4
ENSG00000171862,MONDO_0000552,associated_with,0.2828,8
ENSG00000141510,MONDO_0000552,associated_with,0.2826,25
ENSG00000157764,MONDO_0003185,associated_with,0.2807,3
ENSG00000012048,MONDO_0006043,associated_with,0.2805,7
ENSG00000147862,MONDO_0003185,associated_with,0.2804,5
ENSG00000167258,MONDO_0000552,associated_with,0.2803,3
ENSG00000141736,MONDO_0004379,associated_with,0.2801,6
ENSG00000139618,MONDO_0021115,associated_with,0.2799,4
ENSG00000057657,MONDO_0006117,associated_with,0.2797,2
ENSG00000146648,MONDO_0006043,associated_with,0.2797,6
ENSG00000012048,MONDO_0003624,associated_with,0.2796,5
ENSG00000073282,MONDO_0006043,associated_with,0.2795,4
ENSG00000148400,MONDO_0003185,associated_with,0.2794,2
ENSG00000109685,MONDO_0006043,associated_with,0.2794,2
ENSG00000157764,MONDO_0006043,associated_with,0.2794,2
ENSG00000121879,MONDO_0006270,associated_with,0.279,3
ENSG00000091831,MONDO_0006043,associated_with,0.2788,16
ENSG00000134982,MONDO_0006043,associated_with,0.2788,3
ENSG00000039068,MONDO_0006043,associated_with,0.2787,5
ENSG00000169083,MONDO_0006043,associated_with,0.2784,2
ENSG00000145675,MONDO_0006043,associated_with,0.2784,2
ENSG00000005339,MONDO_0003185,associated_with,0.2784,2
ENSG00000147889,MONDO_0006043,associated_with,0.2784,2
ENSG00000163939,MONDO_0006043,associated_with,0.2784,2
ENSG00000012048,MONDO_0021115,associated_with,0.2784,4
ENSG00000168036,MONDO_0006043,associated_with,0.2782,3
ENSG00000091831,MONDO_0004379,associated_with,0.2782,3
ENSG00000142208,MONDO_0006043,associated_with,0.2781,2
ENSG00000121879,MONDO_0006098,associated_with,0.2781,2
ENSG00000100393,MONDO_0006043,associated_with,0.2781,2
ENSG00000157404,MONDO_0006043,associated_with,0.2781,2
ENSG00000169083,MONDO_0004379,associated_with,0.2781,2
ENSG00000133703,MONDO_0006043,associated_with,0.2781,2
ENSG00000198793,MONDO_0006043,associated_with,0.2781,2
ENSG00000171862,MONDO_0006043,associated_with,0.2781,2
ENSG00000127616,MONDO_0006043,associated_with,0.2781,2
ENSG00000121879,MONDO_0003624,associated_with,0.2779,2
ENSG00000117713,MONDO_0006043,associated_with,0.2779,2
ENSG00000141736,MONDO_0003185,associated_with,0.2779,2
ENSG00000121879,MONDO_0003185,associated_with,0.2779,2
ENSG00000046889,MONDO_0021115,associated_with,0.2775,1
ENSG00000163629,MONDO_0004379,associated_with,0.2775,1
ENSG00000163399,MONDO_0004379,associated_with,0.2775,1
ENSG00000076242,MONDO_0004379,associated_with,0.2775,1
ENSG00000113916,MONDO_0006116,associated_with,0.2775,1
ENSG00000079432,MONDO_0006116,associated_with,0.2775,1
ENSG00000126934,MONDO_0006306,associated_with,0.2775,1
ENSG00000184634,MONDO_0006043,associated_with,0.2775,1
ENSG00000055609,MONDO_0006306,associated_with,0.2775,1
ENSG00000119535,MONDO_0006306,associated_with,0.2775,1
ENSG00000160957,MONDO_0006306,associated_with,0.2775,1
ENSG00000104517,MONDO_0006043,associated_with,0.2775,1
ENSG00000135100,MONDO_0004379,associated_with,0.2775,1
ENSG00000165699,MONDO_0004379,associated_with,0.2775,1
ENSG00000138376,MONDO_0004379,associated_with,0.2775,1
ENSG00000183337,MONDO_0004379,associated_with,0.2775,1
ENSG00000197122,MONDO_0004379,associated_with,0.2775,1
ENSG00000157388,MONDO_0006116,associated_with,0.2775,1
ENSG00000257923,MONDO_0006116,associated_with,0.2775,1
ENSG00000140538,MONDO_0006116,associated_with,0.2775,1
ENSG00000198795,MONDO_0006043,associated_with,0.2775,1
ENSG00000145715,MONDO_0003185,associated_with,0.2775,1
ENSG00000113360,MONDO_0006043,associated_with,0.2775,1
ENSG00000179295,MONDO_0006306,associated_with,0.2775,1
ENSG00000167548,MONDO_0006117,associated_with,0.2775,1
ENSG00000019991,MONDO_0006306,associated_with,0.2775,1
ENSG00000134352,MONDO_0006116,associated_with,0.2775,1
ENSG00000082898,MONDO_0006116,associated_with,0.2775,1
ENSG00000010671,MONDO_0006116,associated_with,0.2775,1
ENSG00000136238,MONDO_0004379,associated_with,0.2775,1
ENSG00000085185,MONDO_0006043,associated_with,0.2775,1
ENSG00000114861,MONDO_0006116,associated_with,0.2775,1
ENSG00000179583,MONDO_0004379,associated_with,0.2775,1
ENSG00000144218,MONDO_0006116,associated_with,0.2775,1
ENSG00000165699,MONDO_0006116,associated_with,0.2775,1
ENSG00000175643,MONDO_0006116,associated_with,0.2775,1
ENSG00000127329,MONDO_0006043,associated_with,0.2775,1
ENSG00000118058,MONDO_0021115,associated_with,0.2775,1
ENSG00000118503,MONDO_0004379,associated_with,0.2775,1
ENSG00000245848,MONDO_0006116,associated_with,0.2775,1
ENSG00000122025,MONDO_0006116,associated_with,0.2775,1
ENSG00000244405,MONDO_0004379,associated_with,0.2775,1
ENSG00000178568,MONDO_0003624,associated_with,0.2775,1
ENSG00000171456,MONDO_0004379,associated_with,0.2775,1
ENSG00000158169,MONDO_0006043,associated_with,0.2775,1
ENSG00000107485,MONDO_0021115,associated_with,0.2775,1
ENSG00000108384,MONDO_0004379,associated_with,0.2775,1
ENSG00000163161,MONDO_0006306,associated_with,0.2775,1
ENSG00000156052,MONDO_0004379,associated_with,0.2775,1
ENSG00000179295,MONDO_0004379,associated_with,0.2775,1
ENSG00000184507,MONDO_0004379,associated_with,0.2775,1
ENSG00000198400,MONDO_0004379,associated_with,0.2775,1
ENSG00000162733,MONDO_0006306,associated_with,0.2775,1
ENSG00000100644,MONDO_0004379,associated_with,0.2775,1
ENSG00000215301,MONDO_0004379,associated_with,0.2775,1
ENSG00000168702,MONDO_0006116,associated_with,0.2775,1
ENSG00000165025,MONDO_0006116,associated_with,0.2775,1
ENSG00000162733,MONDO_0006116,associated_with,0.2775,1
ENSG00000111642,MONDO_0006116,associated_with,0.2775,1
ENSG00000105976,MONDO_0006116,associated_with,0.2775,1
ENSG00000178691,MONDO_0006306,associated_with,0.2775,1
ENSG00000135111,MONDO_0004379,associated_with,0.2775,1
ENSG00000184675,MONDO_0021115,associated_with,0.2775,1
ENSG00000127946,MONDO_0004379,associated_with,0.2775,1
ENSG00000162613,MONDO_0006306,associated_with,0.2775,1
ENSG00000083093,MONDO_0006306,associated_with,0.2775,1
ENSG00000006468,MONDO_0006306,associated_with,0.2775,1
ENSG00000157764,MONDO_0006306,associated_with,0.2775,1
ENSG00000149311,MONDO_0006117,associated_with,0.2775,1
ENSG00000141510,MONDO_0006324,associated_with,0.2775,1
ENSG00000165699,MONDO_0006306,associated_with,0.2775,1
ENSG00000105568,MONDO_0006306,associated_with,0.2775,1
ENSG00000105976,MONDO_0006306,associated_with,0.2775,1
ENSG00000122566,MONDO_0006306,associated_with,0.2775,1
ENSG00000198286,MONDO_0006306,associated_with,0.2775,1
ENSG00000129514,MONDO_0021115,associated_with,0.2775,1
ENSG00000159216,MONDO_0021115,associated_with,0.2775,1
ENSG00000105221,MONDO_0006306,associated_with,0.2775,1
ENSG00000005339,MONDO_0006306,associated_with,0.2775,1
ENSG00000103197,MONDO_0006306,associated_with,0.2775,1
ENSG00000117713,MONDO_0006306,associated_with,0.2775,1
ENSG00000178568,MONDO_0021115,associated_with,0.2775,1
ENSG00000171094,MONDO_0021115,associated_with,0.2775,1
ENSG00000129204,MONDO_0006306,associated_with,0.2775,1
ENSG00000134250,MONDO_0006306,associated_with,0.2775,1
ENSG00000141646,MONDO_0006306,associated_with,0.2775,1
ENSG00000055609,MONDO_0021115,associated_with,0.2775,1
ENSG00000127616,MONDO_0021115,associated_with,0.2775,1
ENSG00000184634,MONDO_0003624,associated_with,0.2775,1
ENSG00000153201,MONDO_0021115,associated_with,0.2775,1
ENSG00000115904,MONDO_0003185,associated_with,0.2775,1
ENSG00000097007,MONDO_0003185,associated_with,0.2775,1
ENSG00000171862,MONDO_0021115,associated_with,0.2775,1
ENSG00000108384,MONDO_0021115,associated_with,0.2775,1
ENSG00000168036,MONDO_0003624,associated_with,0.2775,1
ENSG00000101972,MONDO_0003185,associated_with,0.2775,1
ENSG00000171862,MONDO_0003185,associated_with,0.2775,1
ENSG00000121879,MONDO_0006324,associated_with,0.2775,1
ENSG00000055609,MONDO_0003185,associated_with,0.2775,1
ENSG00000159216,MONDO_0006324,associated_with,0.2775,1
ENSG00000145675,MONDO_0006270,associated_with,0.2775,1
ENSG00000066468,MONDO_0003624,associated_with,0.2775,1
ENSG00000065526,MONDO_0003624,associated_with,0.2775,1
ENSG00000065559,MONDO_0021115,associated_with,0.2775,1
ENSG00000117713,MONDO_0021115,associated_with,0.2775,1
ENSG00000141510,MONDO_0021115,associated_with,0.2775,1
ENSG00000198286,MONDO_0006117,associated_with,0.2775,1
ENSG00000167548,MONDO_0003624,associated_with,0.2775,1
ENSG00000136352,MONDO_0003185,associated_with,0.2775,1
ENSG00000183454,MONDO_0003185,associated_with,0.2775,1
ENSG00000077782,MONDO_0003185,associated_with,0.2775,1
ENSG00000198793,MONDO_0003624,associated_with,0.2775,1
ENSG00000147050,MONDO_0003185,associated_with,0.2775,1
ENSG00000118503,MONDO_0006117,associated_with,0.2775,1
ENSG00000165731,MONDO_0003624,associated_with,0.2775,1
ENSG00000100393,MONDO_0003185,associated_with,0.2775,1
ENSG00000005339,MONDO_0006117,associated_with,0.2775,1
ENSG00000039068,MONDO_0003624,associated_with,0.2775,1
ENSG00000163491,MONDO_0000618,associated_with,0.2759,1
ENSG00000133067,MONDO_0006513,associated_with,0.2743,1
ENSG00000138031,MONDO_0006513,associated_with,0.2731,1
ENSG00000176890,MONDO_0004953,associated_with,0.2708,7
ENSG00000131747,MONDO_0005023,associated_with,0.2668,12
ENSG00000120262,MONDO_0006513,associated_with,0.2655,7
ENSG00000118523,MONDO_0004953,associated_with,0.2653,3
ENSG00000171848,MONDO_0004953,associated_with,0.2644,6
ENSG00000187957,MONDO_0000618,associated_with,0.264,1
ENSG00000187957,EFO_0009782,associated_with,0.264,1
ENSG00000125538,MONDO_0004953,associated_with,0.2626,9
ENSG00000088832,MONDO_0004953,associated_with,0.2618,2
ENSG00000123416,MONDO_0004953,associated_with,0.2609,4
ENSG00000188389,MONDO_0004953,associated_with,0.2604,4
ENSG00000137267,MONDO_0004953,associated_with,0.2599,2
ENSG00000136546,MONDO_0004953,associated_with,0.2599,2
ENSG00000100479,MONDO_0004953,associated_with,0.2599,2
ENSG00000153253,MONDO_0004953,associated_with,0.2596,2
ENSG00000167325,MONDO_0004953,associated_with,0.2596,2
ENSG00000167553,MONDO_0004953,associated_with,0.259,1
ENSG00000144285,MONDO_0004953,associated_with,0.259,1
ENSG00000101162,MONDO_0004953,associated_with,0.259,1
ENSG00000146143,MONDO_0004953,associated_with,0.259,1
ENSG00000176014,MONDO_0004953,associated_with,0.259,1
ENSG00000077514,MONDO_0004953,associated_with,0.259,1
ENSG00000106628,MONDO_0004953,associated_with,0.259,1
ENSG00000177084,MONDO_0004953,associated_with,0.259,1
ENSG00000136531,MONDO_0004953,associated_with,0.259,1
ENSG00000196230,MONDO_0004953,associated_with,0.259,1
ENSG00000183873,MONDO_0004953,associated_with,0.259,1
ENSG00000148229,MONDO_0004953,associated_with,0.259,1
ENSG00000048392,MONDO_0004953,associated_with,0.259,1
ENSG00000198900,MONDO_0004953,associated_with,0.259,1
ENSG00000198033,MONDO_0004953,associated_with,0.259,1
ENSG00000137869,MONDO_0006513,associated_with,0.259,1
ENSG00000120262,EFO_0009443,associated_with,0.257,1
ENSG00000100154,MONDO_0000618,associated_with,0.2529,1
ENSG00000163491,MONDO_0006513,associated_with,0.2505,1
ENSG00000083093,MONDO_0004658,associated_with,0.2486,6
ENSG00000083093,MONDO_0006270,associated_with,0.2486,6
ENSG00000182185,MONDO_0005628,associated_with,0.246,2
ENSG00000212993,MONDO_0000618,associated_with,0.245,1
ENSG00000164749,MONDO_0006513,associated_with,0.2438,1
ENSG00000095015,MONDO_0006513,associated_with,0.2428,2
ENSG00000112996,MONDO_0005023,associated_with,0.2371,1
ENSG00000155749,MONDO_0006513,associated_with,0.2359,1
ENSG00000087494,MONDO_0000618,associated_with,0.2338,1
ENSG00000112996,MONDO_0006513,associated_with,0.2311,1
ENSG00000274070,MONDO_0006513,associated_with,0.2307,1
ENSG00000141510,MONDO_0006513,associated_with,0.2301,1
ENSG00000183765,MONDO_0005023,associated_with,0.2223,15
ENSG00000100234,MONDO_0005023,associated_with,0.2147,7
ENSG00000083307,MONDO_0000618,associated_with,0.2091,1
ENSG00000171862,MONDO_0005023,associated_with,0.2081,51
ENSG00000183765,MONDO_0006270,associated_with,0.2053,5
ENSG00000183765,MONDO_0004658,associated_with,0.2048,2
ENSG00000118245,MONDO_0000618,associated_with,0.1987,1
ENSG00000198625,MONDO_0006513,associated_with,0.1939,1
ENSG00000160117,MONDO_0006513,associated_with,0.1888,3
ENSG00000171791,MONDO_0006117,associated_with,0.1871,4
ENSG00000141510,MONDO_0003185,associated_with,0.187,4
ENSG00000039068,MONDO_0006098,associated_with,0.1863,8
ENSG00000091831,MONDO_0005063,associated_with,0.1862,6
ENSG00000183337,MONDO_0003185,associated_with,0.1859,2
ENSG00000139718,MONDO_0003185,associated_with,0.185,1
ENSG00000178568,MONDO_0003185,associated_with,0.185,1
ENSG00000146232,MONDO_0003624,associated_with,0.185,1
ENSG00000126214,EFO_0009649,associated_with,0.185,1
ENSG00000091831,MONDO_0003624,associated_with,0.185,1
ENSG00000165699,MONDO_0003624,associated_with,0.185,1
ENSG00000137812,MONDO_0003185,associated_with,0.185,1
ENSG00000139083,MONDO_0003185,associated_with,0.185,1
ENSG00000157168,MONDO_0003185,associated_with,0.185,1
ENSG00000171456,MONDO_0003185,associated_with,0.185,1
ENSG00000055609,MONDO_0003624,associated_with,0.185,1
ENSG00000182162,MONDO_0006324,associated_with,0.185,1
ENSG00000071564,MONDO_0003624,associated_with,0.185,1
ENSG00000168702,MONDO_0003185,associated_with,0.185,1
ENSG00000107882,MONDO_0006270,associated_with,0.185,1
ENSG00000152217,MONDO_0003185,associated_with,0.185,1
ENSG00000171735,MONDO_0006117,associated_with,0.185,1
ENSG00000137193,MONDO_0003185,associated_with,0.185,1
ENSG00000181555,MONDO_0003624,associated_with,0.185,1
ENSG00000204209,MONDO_0005063,associated_with,0.185,1
ENSG00000168610,MONDO_0006117,associated_with,0.185,1
ENSG00000134982,EFO_0009649,associated_with,0.185,1
ENSG00000171735,MONDO_0003185,associated_with,0.185,1
ENSG00000183454,MONDO_0003624,associated_with,0.185,1
ENSG00000119772,MONDO_0006270,associated_with,0.185,1
ENSG00000157764,MONDO_0006117,associated_with,0.185,1
ENSG00000167985,MONDO_0006324,associated_with,0.185,1
ENSG00000122512,MONDO_0005063,associated_with,0.185,1
ENSG00000165731,MONDO_0006324,associated_with,0.185,1
ENSG00000112081,MONDO_0006117,associated_with,0.185,1
ENSG00000134250,MONDO_0002490,associated_with,0.185,1
ENSG00000082898,MONDO_0006324,associated_with,0.185,1
ENSG00000167085,EFO_0009649,associated_with,0.185,1
ENSG00000126215,EFO_0009649,associated_with,0.185,1
ENSG00000173757,MONDO_0003624,associated_with,0.185,1
ENSG00000141736,MONDO_0006324,associated_with,0.185,1
ENSG00000167258,MONDO_0006324,associated_with,0.185,1
ENSG00000107807,MONDO_0003624,associated_with,0.185,1
ENSG00000182866,MONDO_0003624,associated_with,0.185,1
ENSG00000141867,MONDO_0006324,associated_with,0.185,1
ENSG00000184507,MONDO_0006324,associated_with,0.185,1
ENSG00000149311,MONDO_0006324,associated_with,0.185,1
ENSG00000148795,EFO_0009649,associated_with,0.185,1
ENSG00000117713,MONDO_0003624,associated_with,0.185,1
ENSG00000039068,MONDO_0006184,associated_with,0.185,1
ENSG00000095015,EFO_0009649,associated_with,0.185,1
ENSG00000113522,MONDO_0003624,associated_with,0.185,1
ENSG00000085185,MONDO_0006117,associated_with,0.185,1
ENSG00000139618,MONDO_0003624,associated_with,0.185,1
ENSG00000085224,MONDO_0003624,associated_with,0.185,1
ENSG00000105639,MONDO_0003624,associated_with,0.185,1
ENSG00000104517,MONDO_0006324,associated_with,0.185,1
ENSG00000106483,MONDO_0006117,associated_with,0.185,1
ENSG00000145675,MONDO_0003990,associated_with,0.185,1
ENSG00000065559,MONDO_0006324,associated_with,0.185,1
ENSG00000067955,MONDO_0003624,associated_with,0.185,1
ENSG00000135679,MONDO_0005063,associated_with,0.185,1
ENSG00000099949,EFO_0009649,associated_with,0.185,1
ENSG00000065361,MONDO_0003624,associated_with,0.185,1
ENSG00000164053,EFO_0009649,associated_with,0.185,1
ENSG00000141510,MONDO_0003990,associated_with,0.185,1
ENSG00000073282,MONDO_0003990,associated_with,0.185,1
ENSG00000198901,MONDO_0000618,associated_with,0.1821,1
ENSG00000110092,MONDO_0005628,associated_with,0.1669,2
ENSG00000110092,MONDO_0000618,associated_with,0.1624,1
ENSG00000141736,MONDO_0006804,associated_with,0.1467,595
ENSG00000146648,MONDO_0006804,associated_with,0.1408,132
ENSG00000095015,MONDO_0000618,associated_with,0.1402,1
ENSG00000112715,MONDO_0006804,associated_with,0.1301,33
ENSG00000134853,MONDO_0006804,associated_with,0.1255,8
ENSG00000188389,MONDO_0006804,associated_with,0.1217,17
ENSG00000139618,MONDO_0005051,associated_with,0.121,14
ENSG00000120217,MONDO_0006804,associated_with,0.1205,64
ENSG00000185379,EFO_0009649,associated_with,0.1184,1
ENSG00000171862,EFO_0009649,associated_with,0.1184,1
ENSG00000039068,EFO_0009649,associated_with,0.1184,1
ENSG00000118046,EFO_0009649,associated_with,0.1184,1
ENSG00000072571,EFO_0009649,associated_with,0.1184,1
ENSG00000068078,MONDO_0006804,associated_with,0.1159,10
ENSG00000138311,MONDO_0000618,associated_with,0.1156,1
ENSG00000178568,MONDO_0006804,associated_with,0.1155,12
ENSG00000137673,MONDO_0003024,associated_with,0.1143,93
ENSG00000128052,MONDO_0006804,associated_with,0.1132,13
ENSG00000091831,MONDO_0006804,associated_with,0.1129,222
ENSG00000102755,MONDO_0006804,associated_with,0.1129,8
ENSG00000091831,MONDO_0005051,associated_with,0.1122,201
ENSG00000149311,MONDO_0003982,associated_with,0.111,1
ENSG00000127616,EFO_0022984,associated_with,0.111,1
ENSG00000138081,EFO_0022984,associated_with,0.111,1
ENSG00000116062,EFO_0022984,associated_with,0.111,1
ENSG00000083093,EFO_0022984,associated_with,0.111,1
ENSG00000117118,EFO_0022984,associated_with,0.111,1
ENSG00000258839,EFO_0022984,associated_with,0.111,1
ENSG00000113721,MONDO_0006804,associated_with,0.1104,8
ENSG00000010610,MONDO_0002486,associated_with,0.1076,127
ENSG00000169245,MONDO_0002486,associated_with,0.1076,39
ENSG00000177575,MONDO_0002486,associated_with,0.107,56
ENSG00000137033,MONDO_0003024,associated_with,0.1032,22
ENSG00000137869,MONDO_0005051,associated_with,0.1027,7
ENSG00000153563,MONDO_0002486,associated_with,0.1023,80
ENSG00000148700,MONDO_0003024,associated_with,0.0994,33
ENSG00000156234,MONDO_0002486,associated_with,0.098,24
ENSG00000106804,MONDO_0002486,associated_with,0.0979,18
ENSG00000108691,MONDO_0002486,associated_with,0.0977,156
ENSG00000189403,MONDO_0003024,associated_with,0.0964,9
ENSG00000112115,MONDO_0002486,associated_with,0.0963,100
ENSG00000136960,MONDO_0003024,associated_with,0.0958,9
ENSG00000196126,MONDO_0002486,associated_with,0.0958,13
ENSG00000197405,MONDO_0002486,associated_with,0.0953,13
ENSG00000125730,MONDO_0002486,associated_with,0.0951,345
ENSG00000170017,MONDO_0002486,associated_with,0.0941,30
ENSG00000150782,MONDO_0002486,associated_with,0.0937,52
ENSG00000102524,MONDO_0002486,associated_with,0.0936,81
ENSG00000147724,MONDO_0003624,associated_with,0.0925,1
ENSG00000127824,MONDO_0004658,associated_with,0.0925,2
ENSG00000167553,MONDO_0004658,associated_with,0.0925,2
ENSG00000173821,MONDO_0006117,associated_with,0.0925,1
ENSG00000137285,MONDO_0004658,associated_with,0.0925,2
ENSG00000167552,MONDO_0004658,associated_with,0.0925,2
ENSG00000145113,MONDO_0006324,associated_with,0.0925,1
ENSG00000152086,MONDO_0004658,associated_with,0.0925,2
ENSG00000181143,MONDO_0005063,associated_with,0.0925,1
ENSG00000158715,MONDO_0006324,associated_with,0.0925,1
ENSG00000080824,MONDO_0006324,associated_with,0.0925,1
ENSG00000261456,MONDO_0004658,associated_with,0.0925,2
ENSG00000137267,MONDO_0004658,associated_with,0.0925,2
ENSG00000123416,MONDO_0004658,associated_with,0.0925,2
ENSG00000258947,MONDO_0004658,associated_with,0.0925,2
ENSG00000196230,MONDO_0004658,associated_with,0.0925,2
ENSG00000181143,MONDO_0006117,associated_with,0.0925,1
ENSG00000188229,MONDO_0004658,associated_with,0.0925,2
ENSG00000113594,MONDO_0006324,associated_with,0.0925,1
ENSG00000198033,MONDO_0004658,associated_with,0.0925,2
ENSG00000173575,MONDO_0006324,associated_with,0.0925,1
ENSG00000101162,MONDO_0004658,associated_with,0.0925,2
ENSG00000176014,MONDO_0004658,associated_with,0.0925,2
ENSG00000104833,MONDO_0004658,associated_with,0.0925,2
ENSG00000105369,MONDO_0002486,associated_with,0.0904,54
ENSG00000136634,MONDO_0002486,associated_with,0.0902,48
ENSG00000125571,MONDO_0002486,associated_with,0.0901,13
ENSG00000118785,MONDO_0002486,associated_with,0.0894,32
ENSG00000153563,MONDO_0003024,associated_with,0.0889,47
ENSG00000112715,MONDO_0003024,associated_with,0.0879,29
ENSG00000116044,MONDO_0002486,associated_with,0.0873,17
ENSG00000244731,MONDO_0002486,associated_with,0.0864,186
ENSG00000189403,MONDO_0002486,associated_with,0.0861,42
ENSG00000169429,MONDO_0003024,associated_with,0.0857,47
ENSG00000164736,MONDO_0003024,associated_with,0.0851,9
ENSG00000153823,EFO_0009782,associated_with,0.0843,1
ENSG00000153823,MONDO_0000618,associated_with,0.0843,1
ENSG00000198400,MONDO_0005051,associated_with,0.084,3
ENSG00000047936,MONDO_0005051,associated_with,0.0836,3
ENSG00000140538,MONDO_0005051,associated_with,0.0833,2
ENSG00000148053,MONDO_0005051,associated_with,0.0833,2
ENSG00000132693,MONDO_0002486,associated_with,0.0828,67
ENSG00000137965,MONDO_0002486,associated_with,0.0825,10
ENSG00000100292,MONDO_0002486,associated_with,0.0822,13
ENSG00000108691,MONDO_0003024,associated_with,0.082,16
ENSG00000162896,MONDO_0003024,associated_with,0.0816,4
ENSG00000163565,MONDO_0002486,associated_with,0.0812,6
ENSG00000135218,MONDO_0002486,associated_with,0.0812,6
ENSG00000131981,MONDO_0002486,associated_with,0.0809,6
ENSG00000115457,MONDO_0002486,associated_with,0.0808,9
ENSG00000138755,MONDO_0002486,associated_with,0.0802,4
ENSG00000172349,MONDO_0002486,associated_with,0.0794,11
ENSG00000110092,MONDO_0005051,associated_with,0.0788,9
ENSG00000168610,MONDO_0003024,associated_with,0.0782,6
ENSG00000141736,MONDO_0004658,associated_with,0.0779,13
ENSG00000091831,MONDO_0004990,associated_with,0.0775,16
ENSG00000135446,MONDO_0005051,associated_with,0.0762,4
ENSG00000170458,MONDO_0003024,associated_with,0.0755,16
ENSG00000136869,MONDO_0003024,associated_with,0.0751,11
ENSG00000105664,MONDO_0003024,associated_with,0.0747,3
ENSG00000171094,MONDO_0005051,associated_with,0.0746,2
ENSG00000197635,MONDO_0003024,associated_with,0.0744,2
ENSG00000169083,EFO_0009782,associated_with,0.074,1
ENSG00000067182,MONDO_0003024,associated_with,0.074,1
ENSG00000146648,MONDO_0000616,associated_with,0.074,1
ENSG00000162772,MONDO_0003024,associated_with,0.074,1
ENSG00000105810,MONDO_0005051,associated_with,0.074,1
ENSG00000088832,MONDO_0004990,associated_with,0.074,1
ENSG00000234741,MONDO_0003024,associated_with,0.074,1
ENSG00000091831,EFO_0009782,associated_with,0.074,1
ENSG00000119535,MONDO_0004990,associated_with,0.074,1
ENSG00000109163,MONDO_0005051,associated_with,0.074,1
ENSG00000112038,MONDO_0004990,associated_with,0.074,1
ENSG00000240498,MONDO_0003024,associated_with,0.074,1
ENSG00000028137,MONDO_0003024,associated_with,0.074,1
ENSG00000198900,MONDO_0004990,associated_with,0.074,1
ENSG00000184292,MONDO_0004990,associated_with,0.074,1
ENSG00000118785,MONDO_0003024,associated_with,0.073,23
ENSG00000124256,MONDO_0003024,associated_with,0.0718,1
ENSG00000072121,MONDO_0005628,associated_with,0.0698,1
ENSG00000137462,MONDO_0003024,associated_with,0.0691,4
ENSG00000181092,MONDO_0003024,associated_with,0.0681,4
ENSG00000111424,MONDO_0003024,associated_with,0.0669,3
ENSG00000115380,MONDO_0003024,associated_with,0.0663,12
ENSG00000120262,MONDO_0000618,associated_with,0.0655,3
ENSG00000147257,MONDO_0003024,associated_with,0.065,3
ENSG00000232810,MONDO_0003024,associated_with,0.0634,56
ENSG00000112115,MONDO_0003024,associated_with,0.0633,35
ENSG00000174059,MONDO_0005051,associated_with,0.057,7
ENSG00000196689,MONDO_0006739,associated_with,0.057,1
MONDO_0004658,ICD10CM:D05,maps_to,,
MONDO_0004975,ICD10CM:G30,maps_to,,
MONDO_0004975,ICD10WHO:G30,maps_to,,
MONDO_0004979,ICD10CM:J45,maps_to,,
MONDO_0004979,ICD10WHO:J45,maps_to,,
MONDO_0005011,ICD10CM:K50,maps_to,,
MONDO_0005083,ICD10CM:L40,maps_to,,
MONDO_0005083,ICD10WHO:L40,maps_to,,
MONDO_0005090,ICD10CM:F20,maps_to,,
MONDO_0005090,ICD10WHO:F20,maps_to,,
MONDO_0005101,ICD10CM:K51,maps_to,,
MONDO_0005101,ICD10WHO:K51,maps_to,,
MONDO_0005147,ICD10CM:E10,maps_to,,
MONDO_0005147,ICD10WHO:E10,maps_to,,
MONDO_0005148,ICD10CM:E11,maps_to,,
MONDO_0005148,ICD10WHO:E11,maps_to,,
MONDO_0005180,ICD10CM:G20,maps_to,,
MONDO_0005180,ICD10WHO:G20,maps_to,,
MONDO_0005298,ICD10CM:M81,maps_to,,
MONDO_0005300,ICD10CM:N18,maps_to,,
MONDO_0005300,ICD10CM:N18.9,maps_to,,
MONDO_0005300,ICD10WHO:N18,maps_to,,
MONDO_0005301,ICD10CM:G35,maps_to,,
MONDO_0005301,ICD10WHO:G35,maps_to,,
MONDO_0006270,ICD10CM:D05.0,maps_to,,
MONDO_0007254,ICD10CM:C50,maps_to,,
MONDO_0007915,ICD10CM:M32,maps_to,,
MONDO_0007915,ICD10WHO:M32,maps_to,,
MONDO_0008170,ICD10CM:C56,maps_to,,
MONDO_0008315,ICD10CM:C61,maps_to,,
MONDO_0018874,ICD10CM:C92.0,maps_to,,
