id,type,name,extra
EFO_0009443,disease,BRCAX breast cancer,OTAR_0000017; MONDO_0045024
EFO_0009649,disease,susceptibility to breast cancer,OTAR_0000017; MONDO_0045024
EFO_0009782,disease,progesterone-receptor positive breast cancer,OTAR_0000017; MONDO_0045024
EFO_0022984,disease,bilateral breast cancer,OTAR_0000017; MONDO_0045024
MONDO_0000552,disease,breast lobular carcinoma,MONDO_0002051; MONDO_0045024; OTAR_0000017
MONDO_0000616,disease,progesterone-receptor negative breast cancer,OTAR_0000017; MONDO_0045024
MONDO_0000618,disease,Her2-receptor negative breast cancer,OTAR_0000017; MONDO_0045024
MONDO_0002486,disease,lobular neoplasia,MONDO_0045024; OTAR_0000017
MONDO_0002489,disease,malignant breast phyllodes tumor,OTAR_0000017; MONDO_0045024
MONDO_0002490,disease,breast sarcoma,OTAR_0000017; MONDO_0045024
MONDO_0002648,disease,mammary Paget disease,MONDO_0002051; MONDO_0045024; OTAR_0000017
MONDO_0002671,disease,signet ring cell breast carcinoma,MONDO_0002051; OTAR_0000017; MONDO_0045024
MONDO_0002975,disease,malignant breast melanoma,OTAR_0000017; MONDO_0045024
MONDO_0003024,disease,breast angiosarcoma,MONDO_0004995; OTAR_0000017; MONDO_0045024
MONDO_0003087,disease,mucoepidermoid breast carcinoma,MONDO_0002051; MONDO_0045024; OTAR_0000017
MONDO_0003185,disease,adenoid cystic breast carcinoma,MONDO_0002051; MONDO_0045024; OTAR_0000017
MONDO_0003371,disease,breast leiomyosarcoma,OTAR_0000017; OTAR_0000006; MONDO_0005550; MONDO_0045024
MONDO_0003532,disease,breast papillary carcinoma,MONDO_0002051; MONDO_0045024; OTAR_0000017
MONDO_0003548,disease,adenosquamous breast carcinoma,MONDO_0045024; OTAR_0000017
MONDO_0003624,disease,acinic cell breast carcinoma,MONDO_0002051; OTAR_0000017; MONDO_0045024
MONDO_0003635,disease,sebaceous breast carcinoma,MONDO_0002051; MONDO_0045024; OTAR_0000017
MONDO_0003661,disease,breast lymphoma,OTAR_0000017; MONDO_0005570; MONDO_0045024
MONDO_0003728,disease,breast fibrosarcoma,OTAR_0000017; OTAR_0000006; MONDO_0045024
MONDO_0003934,disease,breast apocrine carcinoma,MONDO_0002051; MONDO_0045024; OTAR_0000017
MONDO_0003936,disease,invasive tubular breast carcinoma,MONDO_0002051; OTAR_0000017; MONDO_0045024
MONDO_0003959,disease,breast large cell neuroendocrine carcinoma,MONDO_0005151; OTAR_0000017; MONDO_0045024
MONDO_0003982,disease,bilateral breast carcinoma,OTAR_0000017; MONDO_0045024
MONDO_0003990,disease,malignant breast myoepithelioma,OTAR_0000017; MONDO_0045024
MONDO_0004379,disease,female breast carcinoma,OTAR_0000017; MONDO_0045024
MONDO_0004658,disease,breast carcinoma in situ,MONDO_0045024; OTAR_0000017
MONDO_0004950,disease,gastric carcinoma,EFO_0010282; MONDO_0045024
MONDO_0004953,disease,invasive ductal breast carcinoma,MONDO_0002051; OTAR_0000017; MONDO_0045024
MONDO_0004975,disease,Alzheimer disease,MONDO_0002025; MONDO_0005071; EFO_0000651
MONDO_0004979,disease,asthma,EFO_0000651; OTAR_0000010
MONDO_0004984,disease,basal-like breast carcinoma,MONDO_0002051; OTAR_0000017; MONDO_0045024
MONDO_0004988,disease,breast adenocarcinoma,MONDO_0002051; MONDO_0045024; OTAR_0000017
MONDO_0004989,disease,breast carcinoma,OTAR_0000017; MONDO_0045024
MONDO_0004990,disease,breast tumor luminal A or B,OTAR_0000017; MONDO_0045024
MONDO_0005010,disease,coronary artery disorder,MONDO_0004995
MONDO_0005011,disease,Crohn disease,MONDO_0005046; OTAR_0000018; EFO_0010282
MONDO_0005023,disease,ductal breast carcinoma in situ,MONDO_0045024; MONDO_0002051; OTAR_0000017
MONDO_0005050,disease,invasive ductal and lobular carcinoma,MONDO_0002051; MONDO_0045024; OTAR_0000017
MONDO_0005051,disease,invasive lobular breast carcinoma,MONDO_0002051; OTAR_0000017; MONDO_0045024
MONDO_0005061,disease,lung adenocarcinoma,MONDO_0045024; OTAR_0000010
MONDO_0005063,disease,medullary breast carcinoma,MONDO_0002051; OTAR_0000017; MONDO_0045024
MONDO_0005083,disease,psoriasis,MONDO_0005046; MONDO_0002051; OTAR_0000018
MONDO_0005090,disease,schizophrenia,MONDO_0002025; MONDO_0005071
MONDO_0005101,disease,ulcerative colitis,MONDO_0005046; OTAR_0000018; EFO_0010282
MONDO_0005105,disease,melanoma,MONDO_0045024
MONDO_0005147,disease,type 1 diabetes mellitus,MONDO_0005151; MONDO_0005046; EFO_0010282; EFO_0000651; OTAR_0000020
MONDO_0005148,disease,type 2 diabetes mellitus,EFO_0000651; OTAR_0000020; MONDO_0005151; EFO_0010282
MONDO_0005180,disease,Parkinson disease,MONDO_0005071; OTAR_0000018
MONDO_0005184,disease,pancreatic ductal adenocarcinoma,EFO_0010282; MONDO_0045024; MONDO_0005151
MONDO_0005298,disease,osteoporosis,OTAR_0000006; OTAR_0000018; EFO_0000651
MONDO_0005300,disease,chronic kidney disease,MONDO_0002118
MONDO_0005301,disease,multiple sclerosis,MONDO_0005071; MONDO_0005046
MONDO_0005494,disease,triple-negative breast carcinoma,OTAR_0000017; MONDO_0045024
MONDO_0005575,disease,colorectal cancer,EFO_0010282; MONDO_0045024
MONDO_0005590,disease,breast ductal adenocarcinoma,MONDO_0002051; MONDO_0045024; OTAR_0000017
MONDO_0005628,disease,male breast carcinoma,OTAR_0000017; MONDO_0045024
MONDO_0006043,disease,metaplastic breast carcinoma,OTAR_0000017; MONDO_0045024
MONDO_0006050,disease,pleomorphic breast carcinoma,MONDO_0002051; OTAR_0000017; MONDO_0045024
MONDO_0006056,disease,squamous cell breast carcinoma,MONDO_0045024; OTAR_0000017
MONDO_0006098,disease,atypical lobular breast hyperplasia,MONDO_0045024; MONDO_0002051; OTAR_0000017
MONDO_0006116,disease,breast carcinoma by gene expression profile,OTAR_0000017; MONDO_0045024
MONDO_0006117,disease,breast diffuse large B-cell lymphoma,MONDO_0005046; MONDO_0002051; OTAR_0000017; MONDO_0005570; MONDO_0045024
MONDO_0006184,disease,ductal breast carcinoma in situ and lobular carcinoma in situ,MONDO_0045024; OTAR_0000017
MONDO_0006244,disease,HER2 positive breast carcinoma,OTAR_0000017; MONDO_0045024
MONDO_0006256,disease,invasive breast carcinoma,OTAR_0000017; MONDO_0045024
MONDO_0006270,disease,lobular breast carcinoma in situ,MONDO_0002051; MONDO_0045024; OTAR_0000017
MONDO_0006306,disease,mixed lobular and ductal breast carcinoma,MONDO_0002051; MONDO_0045024; OTAR_0000017
MONDO_0006324,disease,normal breast-like subtype of breast carcinoma,OTAR_0000017; MONDO_0045024
MONDO_0006512,disease,estrogen-receptor positive breast cancer,OTAR_0000017; MONDO_0045024
MONDO_0006513,disease,estrogen-receptor negative breast cancer,OTAR_0000017; MONDO_0045024
MONDO_0006739,disease,Ehrlich tumor carcinoma,OTAR_0000017; MONDO_0045024
MONDO_0006804,disease,inflammatory breast carcinoma,MONDO_0002051; OTAR_0000017; MONDO_0045024
MONDO_0007254,disease,breast cancer,OTAR_0000017; MONDO_0045024
MONDO_0007915,disease,systemic lupus erythematosus,MONDO_0005046; MONDO_0002118; OTAR_0000006; EFO_0000651
MONDO_0008170,disease,ovarian cancer,MONDO_0005151; OTAR_0000017; MONDO_0045024
MONDO_0008315,disease,prostate cancer,OTAR_0000017; MONDO_0045024
MONDO_0008383,disease,rheumatoid arthritis,OTAR_0000006; MONDO_0005046; EFO_0000651
MONDO_0016419,disease,hereditary breast carcinoma,OTAR_0000018; OTAR_0000017; MONDO_0045024
MONDO_0018177,disease,glioblastoma,MONDO_0005071; MONDO_0045024
MONDO_0018874,disease,acute myeloid leukemia,MONDO_0005570; MONDO_0005046; MONDO_0045024; OTAR_0000006
MONDO_0021115,disease,luminal B breast carcinoma,OTAR_0000017; MONDO_0045024
MONDO_0021116,disease,luminal A breast carcinoma,OTAR_0000017; MONDO_0045024
MONDO_0045059,disease,cribriform carcinoma of breast,OTAR_0000017; MONDO_0045024
MONDO_0045060,disease,intraductal cribriform breast adenocarcinoma,MONDO_0045024; MONDO_0002051; OTAR_0000017
Orphanet_145,disease,Hereditary breast and ovarian cancer syndrome,OTAR_0000018; OTAR_0000017; MONDO_0045024; MONDO_0005151
Orphanet_227535,disease,Hereditary breast cancer,OTAR_0000018; OTAR_0000017; MONDO_0045024
ENSG00000002745,gene,WNT16,Wnt family member 16
ENSG00000004779,gene,NDUFAB1,NADH:ubiquinone oxidoreductase subunit AB1
ENSG00000004948,gene,CALCR,calcitonin receptor
ENSG00000005339,gene,CREBBP,CREB binding lysine acetyltransferase 
ENSG00000006071,gene,ABCC8,ATP binding cassette subfamily C member 8
ENSG00000006468,gene,ETV1,ETS variant transcription factor 1
ENSG00000007312,gene,CD79B,CD79b molecule
ENSG00000008710,gene,PKD1,"polycystin 1, transient receptor potential channel interacting"
ENSG00000010310,gene,GIPR,gastric inhibitory polypeptide receptor
ENSG00000010610,gene,CD4,CD4 molecule
ENSG00000010671,gene,BTK,Bruton tyrosine kinase
ENSG00000012048,gene,BRCA1,BRCA1 DNA repair associated
ENSG00000012779,gene,ALOX5,arachidonate 5-lipoxygenase
ENSG00000014138,gene,POLA2,"DNA polymerase alpha 2, accessory subunit"
ENSG00000014257,gene,ACP3,acid phosphatase 3
ENSG00000015133,gene,CCDC88C,coiled-coil and HOOK domain protein 88C
ENSG00000018408,gene,WWTR1,WW domain containing transcription regulator 1
ENSG00000019991,gene,HGF,hepatocyte growth factor
ENSG00000020922,gene,MRE11,MRE11 double strand break repair nuclease
ENSG00000021826,gene,CPS1,carbamoyl-phosphate synthase 1
ENSG00000023228,gene,NDUFS1,NADH:ubiquinone oxidoreductase core subunit S1
ENSG00000026559,gene,KCNG1,potassium voltage-gated channel modifier subfamily G member 1
ENSG00000028137,gene,TNFRSF1B,TNF receptor superfamily member 1B
ENSG00000030582,gene,GRN,granulin precursor
ENSG00000036828,gene,CASR,calcium sensing receptor
ENSG00000037280,gene,FLT4,fms related receptor tyrosine kinase 4
ENSG00000038219,gene,BOD1L1,biorientation of chromosomes in cell division 1 like 1
ENSG00000039068,gene,CDH1,cadherin 1
ENSG00000040608,gene,RTN4R,reticulon 4 receptor
ENSG00000041880,gene,PARP3,poly(ADP-ribose) polymerase family member 3
ENSG00000043591,gene,ADRB1,adrenoceptor beta 1
ENSG00000046889,gene,PREX2,"phosphatidylinositol-3,4,5-trisphosphate dependent Rac exchange factor 2"
ENSG00000047936,gene,ROS1,"ROS proto-oncogene 1, receptor tyrosine kinase"
ENSG00000048392,gene,RRM2B,ribonucleotide reductase regulatory TP53 inducible subunit M2B
ENSG00000048462,gene,TNFRSF17,TNF receptor superfamily member 17
ENSG00000049618,gene,ARID1B,AT-rich interaction domain 1B
ENSG00000049768,gene,FOXP3,forkhead box P3
ENSG00000051180,gene,RAD51,RAD51 recombinase
ENSG00000053918,gene,KCNQ1,potassium voltage-gated channel subfamily Q member 1
ENSG00000055118,gene,KCNH2,potassium voltage-gated channel subfamily H member 2
ENSG00000055609,gene,KMT2C,lysine methyltransferase 2C
ENSG00000056972,gene,TRAF3IP2,TRAF3 interacting protein 2
ENSG00000057657,gene,PRDM1,PR/SET domain 1
ENSG00000061918,gene,GUCY1B1,guanylate cyclase 1 soluble subunit beta 1
ENSG00000062822,gene,POLD1,"DNA polymerase delta 1, catalytic subunit"
ENSG00000064012,gene,CASP8,caspase 8
ENSG00000064687,gene,ABCA7,ATP binding cassette subfamily A member 7
ENSG00000064763,gene,FAR2,fatty acyl-CoA reductase 2
ENSG00000065361,gene,ERBB3,erb-b2 receptor tyrosine kinase 3
ENSG00000065526,gene,SPEN,spen family transcriptional repressor
ENSG00000065559,gene,MAP2K4,mitogen-activated protein kinase kinase 4
ENSG00000065989,gene,PDE4A,phosphodiesterase 4A
ENSG00000066468,gene,FGFR2,fibroblast growth factor receptor 2
ENSG00000067182,gene,TNFRSF1A,TNF receptor superfamily member 1A
ENSG00000067560,gene,RHOA,ras homolog family member A
ENSG00000067955,gene,CBFB,core-binding factor subunit beta
ENSG00000068078,gene,FGFR3,fibroblast growth factor receptor 3
ENSG00000069535,gene,MAOB,monoamine oxidase B
ENSG00000069696,gene,DRD4,dopamine receptor D4
ENSG00000070371,gene,CLTCL1,clathrin heavy chain like 1
ENSG00000070915,gene,SLC12A3,solute carrier family 12 member 3
ENSG00000071564,gene,TCF3,transcription factor 3
ENSG00000072121,gene,ZFYVE26,zinc finger FYVE-type containing 26
ENSG00000072571,gene,HMMR,hyaluronan mediated motility receptor
ENSG00000073282,gene,TP63,tumor protein p63
ENSG00000073756,gene,PTGS2,prostaglandin-endoperoxide synthase 2
ENSG00000074803,gene,SLC12A1,solute carrier family 12 member 1
ENSG00000076242,gene,MLH1,mutL homolog 1
ENSG00000077092,gene,RARB,retinoic acid receptor beta
ENSG00000077238,gene,IL4R,interleukin 4 receptor
ENSG00000077498,gene,TYR,tyrosinase
ENSG00000077514,gene,POLD3,"DNA polymerase delta 3, accessory subunit"
ENSG00000077782,gene,FGFR1,fibroblast growth factor receptor 1
ENSG00000078403,gene,MLLT10,MLLT10 histone lysine methyltransferase DOT1L cofactor
ENSG00000079215,gene,SLC1A3,solute carrier family 1 member 3
ENSG00000079308,gene,TNS1,tensin 1
ENSG00000079432,gene,CIC,capicua transcriptional repressor
ENSG00000079805,gene,DNM2,dynamin 2
ENSG00000079999,gene,KEAP1,kelch like ECH associated protein 1
ENSG00000080815,gene,PSEN1,presenilin 1
ENSG00000080824,gene,HSP90AA1,heat shock protein 90 alpha family class A member 1
ENSG00000081052,gene,COL4A4,collagen type IV alpha 4 chain
ENSG00000081248,gene,CACNA1S,calcium voltage-gated channel subunit alpha1 S
ENSG00000082175,gene,PGR,progesterone receptor
ENSG00000082701,gene,GSK3B,glycogen synthase kinase 3 beta
ENSG00000082898,gene,XPO1,exportin 1
ENSG00000083093,gene,PALB2,partner and localizer of BRCA2
ENSG00000083307,gene,GRHL2,grainyhead like transcription factor 2
ENSG00000084674,gene,APOB,apolipoprotein B
ENSG00000085185,gene,BCORL1,BCL6 corepressor like 1
ENSG00000085224,gene,ATRX,ATRX chromatin remodeler
ENSG00000085276,gene,MECOM,MDS1 and EVI1 complex locus
ENSG00000085978,gene,ATG16L1,autophagy related 16 like 1
ENSG00000086205,gene,FOLH1,folate hydrolase 1
ENSG00000087085,gene,ACHE,acetylcholinesterase (Yt blood group)
ENSG00000087237,gene,CETP,cholesteryl ester transfer protein
ENSG00000087494,gene,PTHLH,parathyroid hormone like hormone
ENSG00000088832,gene,FKBP1A,FKBP prolyl isomerase 1A
ENSG00000089012,gene,SIRPG,signal regulatory protein gamma
ENSG00000089692,gene,LAG3,lymphocyte activating 3
ENSG00000091181,gene,IL5RA,interleukin 5 receptor subunit alpha
ENSG00000091831,gene,ESR1,estrogen receptor 1
ENSG00000093010,gene,COMT,catechol-O-methyltransferase
ENSG00000095002,gene,MSH2,mutS homolog 2
ENSG00000095015,gene,MAP3K1,mitogen-activated protein kinase kinase kinase 1
ENSG00000095303,gene,PTGS1,prostaglandin-endoperoxide synthase 1
ENSG00000095970,gene,TREM2,triggering receptor expressed on myeloid cells 2
ENSG00000096968,gene,JAK2,Janus kinase 2
ENSG00000097007,gene,ABL1,"ABL proto-oncogene 1, non-receptor tyrosine kinase"
ENSG00000099381,gene,SETD1A,"SET domain containing 1A, histone lysine methyltransferase"
ENSG00000099810,gene,MTAP,methylthioadenosine phosphorylase
ENSG00000099949,gene,LZTR1,leucine zipper like post translational regulator 1
ENSG00000100030,gene,MAPK1,mitogen-activated protein kinase 1
ENSG00000100154,gene,TTC28,tetratricopeptide repeat domain 28
ENSG00000100170,gene,SLC5A1,solute carrier family 5 member 1
ENSG00000100234,gene,TIMP3,TIMP metallopeptidase inhibitor 3
ENSG00000100292,gene,HMOX1,heme oxygenase 1
ENSG00000100342,gene,APOL1,apolipoprotein L1
ENSG00000100354,gene,TNRC6B,trinucleotide repeat containing adaptor 6B
ENSG00000100393,gene,EP300,EP300 lysine acetyltransferase
ENSG00000100479,gene,POLE2,"DNA polymerase epsilon 2, accessory subunit"
ENSG00000100644,gene,HIF1A,hypoxia inducible factor 1 subunit alpha
ENSG00000100906,gene,NFKBIA,NFKB inhibitor alpha
ENSG00000101017,gene,CD40,CD40 molecule
ENSG00000101076,gene,HNF4A,hepatocyte nuclear factor 4 alpha
ENSG00000101096,gene,NFATC2,nuclear factor of activated T cells 2
ENSG00000101162,gene,TUBB1,tubulin beta 1 class VI
ENSG00000101224,gene,CDC25B,cell division cycle 25B
ENSG00000101868,gene,POLA1,"DNA polymerase alpha 1, catalytic subunit"
ENSG00000101972,gene,STAG2,STAG2 cohesin complex component
ENSG00000102001,gene,CACNA1F,calcium voltage-gated channel subunit alpha1 F
ENSG00000102024,gene,PLS3,plastin 3
ENSG00000102468,gene,HTR2A,5-hydroxytryptamine receptor 2A
ENSG00000102524,gene,TNFSF13B,TNF superfamily member 13b
ENSG00000102755,gene,FLT1,fms related receptor tyrosine kinase 1
ENSG00000102967,gene,DHODH,dihydroorotate dehydrogenase (quinone)
ENSG00000102974,gene,CTCF,CCCTC-binding factor
ENSG00000103197,gene,TSC2,TSC complex subunit 2
ENSG00000103222,gene,ABCC1,ATP binding cassette subfamily C member 1 (ABCC1 blood group)
ENSG00000103460,gene,TOX3,TOX high mobility group box family member 3
ENSG00000103546,gene,SLC6A2,solute carrier family 6 member 2
ENSG00000103811,gene,CTSH,cathepsin H
ENSG00000104044,gene,OCA2,OCA2 melanosomal transmembrane protein
ENSG00000104320,gene,NBN,nibrin
ENSG00000104447,gene,TRPS1,transcriptional repressor GATA binding 1
ENSG00000104517,gene,UBR5,ubiquitin protein ligase E3 component n-recognin 5
ENSG00000104687,gene,GSR,glutathione-disulfide reductase
ENSG00000104833,gene,TUBB4A,tubulin beta 4A class IVa
ENSG00000105173,gene,CCNE1,cyclin E1
ENSG00000105221,gene,AKT2,AKT serine/threonine kinase 2
ENSG00000105369,gene,CD79A,CD79a molecule
ENSG00000105397,gene,TYK2,tyrosine kinase 2
ENSG00000105464,gene,GRIN2D,glutamate ionotropic receptor NMDA type subunit 2D
ENSG00000105568,gene,PPP2R1A,protein phosphatase 2 scaffold subunit Aalpha
ENSG00000105639,gene,JAK3,Janus kinase 3
ENSG00000105650,gene,PDE4C,phosphodiesterase 4C
ENSG00000105664,gene,COMP,cartilage oligomeric matrix protein
ENSG00000105810,gene,CDK6,cyclin dependent kinase 6
ENSG00000105976,gene,MET,"MET proto-oncogene, receptor tyrosine kinase"
ENSG00000106331,gene,PAX4,paired box 4
ENSG00000106483,gene,SFRP4,secreted frizzled related protein 4
ENSG00000106546,gene,AHR,aryl hydrocarbon receptor
ENSG00000106628,gene,POLD2,"DNA polymerase delta 2, accessory subunit"
ENSG00000106633,gene,GCK,glucokinase
ENSG00000106804,gene,C5,complement C5
ENSG00000107249,gene,GLIS3,GLIS family zinc finger 3
ENSG00000107485,gene,GATA3,GATA binding protein 3
ENSG00000107807,gene,TLX1,T cell leukemia homeobox 1
ENSG00000107882,gene,SUFU,SUFU negative regulator of hedgehog signaling
ENSG00000107960,gene,STN1,STN1 subunit of CST complex
ENSG00000108175,gene,ZMIZ1,zinc finger MIZ-type containing 1
ENSG00000108384,gene,RAD51C,RAD51 paralog C
ENSG00000108691,gene,CCL2,C-C motif chemokine ligand 2
ENSG00000108821,gene,COL1A1,collagen type I alpha 1 chain
ENSG00000109163,gene,GNRHR,gonadotropin releasing hormone receptor
ENSG00000109501,gene,WFS1,wolframin ER transmembrane glycoprotein
ENSG00000109685,gene,NSD2,nuclear receptor binding SET domain protein 2
ENSG00000110092,gene,CCND1,cyclin D1
ENSG00000110195,gene,FOLR1,folate receptor alpha
ENSG00000110243,gene,APOA5,apolipoprotein A5
ENSG00000110693,gene,SOX6,SRY-box transcription factor 6
ENSG00000110944,gene,IL23A,interleukin 23 subunit alpha
ENSG00000111252,gene,SH2B3,SH2B adaptor protein 3
ENSG00000111262,gene,KCNA1,potassium voltage-gated channel subfamily A member 1
ENSG00000111276,gene,CDKN1B,cyclin dependent kinase inhibitor 1B
ENSG00000111424,gene,VDR,vitamin D receptor
ENSG00000111642,gene,CHD4,chromodomain helicase DNA binding protein 4
ENSG00000112038,gene,OPRM1,opioid receptor mu 1
ENSG00000112081,gene,SRSF3,serine and arginine rich splicing factor 3
ENSG00000112115,gene,IL17A,interleukin 17A
ENSG00000112116,gene,IL17F,interleukin 17F
ENSG00000112164,gene,GLP1R,glucagon like peptide 1 receptor
ENSG00000112182,gene,BACH2,BACH transcriptional regulator 2
ENSG00000112499,gene,SLC22A2,solute carrier family 22 member 2
ENSG00000112715,gene,VEGFA,vascular endothelial growth factor A
ENSG00000112964,gene,GHR,growth hormone receptor
ENSG00000112996,gene,MRPS30,mitochondrial ribosomal protein S30
ENSG00000113161,gene,HMGCR,3-hydroxy-3-methylglutaryl-CoA reductase
ENSG00000113302,gene,IL12B,interleukin 12B
ENSG00000113360,gene,DROSHA,drosha ribonuclease III
ENSG00000113448,gene,PDE4D,phosphodiesterase 4D
ENSG00000113522,gene,RAD50,RAD50 double strand break repair protein
ENSG00000113525,gene,IL5,interleukin 5
ENSG00000113580,gene,NR3C1,nuclear receptor subfamily 3 group C member 1
ENSG00000113594,gene,LIFR,LIF receptor subunit alpha
ENSG00000113638,gene,TTC33,tetratricopeptide repeat domain 33
ENSG00000113721,gene,PDGFRB,platelet derived growth factor receptor beta
ENSG00000113916,gene,BCL6,BCL6 transcription repressor
ENSG00000114013,gene,CD86,CD86 molecule
ENSG00000114200,gene,BCHE,butyrylcholinesterase
ENSG00000114861,gene,FOXP1,forkhead box P1
ENSG00000115159,gene,GPD2,glycerol-3-phosphate dehydrogenase 2
ENSG00000115170,gene,ACVR1,activin A receptor type 1
ENSG00000115232,gene,ITGA4,integrin subunit alpha 4
ENSG00000115252,gene,PDE1A,phosphodiesterase 1A
ENSG00000115267,gene,IFIH1,interferon induced with helicase C domain 1
ENSG00000115380,gene,EFEMP1,EGF-like fibulin extracellular matrix protein 1
ENSG00000115414,gene,FN1,fibronectin 1
ENSG00000115457,gene,IGFBP2,insulin like growth factor binding protein 2
ENSG00000115524,gene,SF3B1,splicing factor 3b subunit 1
ENSG00000115594,gene,IL1R1,interleukin 1 receptor type 1
ENSG00000115904,gene,SOS1,SOS Ras/Rac guanine nucleotide exchange factor 1
ENSG00000116032,gene,GRIN3B,glutamate ionotropic receptor NMDA type subunit 3B
ENSG00000116044,gene,NFE2L2,NFE2 like bZIP transcription factor 2
ENSG00000116062,gene,MSH6,mutS homolog 6
ENSG00000116288,gene,PARK7,Parkinsonism associated deglycase
ENSG00000116701,gene,NCF2,neutrophil cytosolic factor 2
ENSG00000116729,gene,WLS,Wnt ligand secretion mediator
ENSG00000117118,gene,SDHB,succinate dehydrogenase complex iron sulfur subunit B
ENSG00000117322,gene,CR2,complement C3d receptor 2
ENSG00000117586,gene,TNFSF4,TNF superfamily member 4
ENSG00000117713,gene,ARID1A,AT-rich interaction domain 1A
ENSG00000118046,gene,STK11,serine/threonine kinase 11
ENSG00000118058,gene,KMT2A,lysine methyltransferase 2A
ENSG00000118245,gene,TNP1,transition protein 1
ENSG00000118503,gene,TNFAIP3,TNF alpha induced protein 3
ENSG00000118513,gene,MYB,"MYB proto-oncogene, transcription factor"
ENSG00000118523,gene,CCN2,cellular communication network factor 2
ENSG00000118689,gene,FOXO3,forkhead box O3
ENSG00000118762,gene,PKD2,"polycystin 2, transient receptor potential cation channel"
ENSG00000118785,gene,SPP1,secreted phosphoprotein 1
ENSG00000119414,gene,PPP6C,protein phosphatase 6 catalytic subunit
ENSG00000119421,gene,NDUFA8,NADH:ubiquinone oxidoreductase subunit A8
ENSG00000119535,gene,CSF3R,colony stimulating factor 3 receptor
ENSG00000119684,gene,MLH3,mutL homolog 3
ENSG00000119772,gene,DNMT3A,DNA methyltransferase 3 alpha
ENSG00000119919,gene,NKX2-3,NK2 homeobox 3
ENSG00000120217,gene,CD274,CD274 molecule
ENSG00000120262,gene,CCDC170,coiled-coil domain containing 170
ENSG00000120659,gene,TNFSF11,TNF superfamily member 11
ENSG00000120907,gene,ADRA1A,adrenoceptor alpha 1A
ENSG00000121281,gene,ADCY7,adenylate cyclase 7
ENSG00000121594,gene,CD80,CD80 molecule
ENSG00000121858,gene,TNFSF10,TNF superfamily member 10
ENSG00000121879,gene,PIK3CA,"phosphatidylinositol-4,5-bisphosphate 3-kinase catalytic subunit alpha"
ENSG00000122025,gene,FLT3,fms related receptor tyrosine kinase 3
ENSG00000122512,gene,PMS2,"PMS1 homolog 2, mismatch repair system component"
ENSG00000122566,gene,HNRNPA2B1,heterogeneous nuclear ribonucleoprotein A2/B1
ENSG00000123106,gene,CCDC91,coiled-coil domain containing 91
ENSG00000123416,gene,TUBA1B,tubulin alpha 1b
ENSG00000124256,gene,ZBP1,Z-DNA binding protein 1
ENSG00000125084,gene,WNT1,Wnt family member 1
ENSG00000125538,gene,IL1B,interleukin 1 beta
ENSG00000125571,gene,IL37,interleukin 37
ENSG00000125730,gene,C3,complement C3
ENSG00000125885,gene,MCM8,minichromosome maintenance 8 homologous recombination repair factor
ENSG00000125910,gene,S1PR4,sphingosine-1-phosphate receptor 4
ENSG00000126214,gene,KLC1,kinesin light chain 1
ENSG00000126215,gene,XRCC3,X-ray repair cross complementing 3
ENSG00000126934,gene,MAP2K2,mitogen-activated protein kinase kinase 2
ENSG00000127329,gene,PTPRB,protein tyrosine phosphatase receptor type B
ENSG00000127616,gene,SMARCA4,SWI/SNF related BAF chromatin remodeling complex subunit ATPase 4
ENSG00000127824,gene,TUBA4A,tubulin alpha 4a
ENSG00000127946,gene,HIP1,huntingtin interacting protein 1
ENSG00000128039,gene,SRD5A3,steroid 5 alpha-reductase 3
ENSG00000128052,gene,KDR,kinase insert domain receptor
ENSG00000128059,gene,PPAT,phosphoribosyl pyrophosphate amidotransferase
ENSG00000128271,gene,ADORA2A,adenosine A2a receptor
ENSG00000128602,gene,SMO,"smoothened, frizzled class receptor"
ENSG00000128604,gene,IRF5,interferon regulatory factor 5
ENSG00000128815,gene,WDFY4,WDFY family member 4
ENSG00000129204,gene,USP6,ubiquitin specific peptidase 6
ENSG00000129484,gene,PARP2,poly(ADP-ribose) polymerase 2
ENSG00000129514,gene,FOXA1,forkhead box A1
ENSG00000129521,gene,EGLN3,egl-9 family hypoxia inducible factor 3
ENSG00000130037,gene,KCNA5,potassium voltage-gated channel subfamily A member 5
ENSG00000130164,gene,LDLR,low density lipoprotein receptor
ENSG00000130203,gene,APOE,apolipoprotein E
ENSG00000130592,gene,LSP1,lymphocyte specific protein 1
ENSG00000130816,gene,DNMT1,DNA methyltransferase 1
ENSG00000131183,gene,SLC34A1,solute carrier family 34 member 1
ENSG00000131196,gene,NFATC1,nuclear factor of activated T cells 1
ENSG00000131747,gene,TOP2A,DNA topoisomerase II alpha
ENSG00000131759,gene,RARA,retinoic acid receptor alpha
ENSG00000131981,gene,LGALS3,galectin 3
ENSG00000132170,gene,PPARG,peroxisome proliferator activated receptor gamma
ENSG00000132432,gene,SEC61G,SEC61 translocon subunit gamma
ENSG00000132437,gene,DDC,dopa decarboxylase
ENSG00000132693,gene,CRP,C-reactive protein
ENSG00000132781,gene,MUTYH,mutY DNA glycosylase
ENSG00000133019,gene,CHRM3,cholinergic receptor muscarinic 3
ENSG00000133030,gene,MPRIP,myosin phosphatase Rho interacting protein
ENSG00000133067,gene,LGR6,leucine rich repeat containing G protein-coupled receptor 6
ENSG00000133703,gene,KRAS,"KRas proto-oncogene, GTPase"
ENSG00000133818,gene,RRAS2,RAS related 2
ENSG00000134242,gene,PTPN22,protein tyrosine phosphatase non-receptor type 22
ENSG00000134243,gene,SORT1,sortilin 1
ENSG00000134250,gene,NOTCH2,notch receptor 2
ENSG00000134352,gene,IL6ST,interleukin 6 cytokine family signal transducer
ENSG00000134371,gene,CDC73,cell division cycle 73
ENSG00000134389,gene,CFHR5,complement factor H related 5
ENSG00000134460,gene,IL2RA,interleukin 2 receptor subunit alpha
ENSG00000134504,gene,KCTD1,potassium channel tetramerization domain containing 1
ENSG00000134853,gene,PDGFRA,platelet derived growth factor receptor alpha
ENSG00000134954,gene,ETS1,"ETS proto-oncogene 1, transcription factor"
ENSG00000134982,gene,APC,APC regulator of Wnt signaling pathway
ENSG00000135100,gene,HNF1A,HNF1 homeobox A
ENSG00000135111,gene,TBX3,T-box transcription factor 3
ENSG00000135218,gene,CD36,CD36 molecule (CD36 blood group)
ENSG00000135312,gene,HTR1B,5-hydroxytryptamine receptor 1B
ENSG00000135446,gene,CDK4,cyclin dependent kinase 4
ENSG00000135679,gene,MDM2,MDM2 proto-oncogene
ENSG00000135766,gene,EGLN1,egl-9 family hypoxia inducible factor 1
ENSG00000135914,gene,HTR2B,5-hydroxytryptamine receptor 2B
ENSG00000136238,gene,RAC1,Rac family small GTPase 1
ENSG00000136352,gene,NKX2-1,NK2 homeobox 1
ENSG00000136492,gene,BRIP1,BRCA1 interacting DNA helicase 1
ENSG00000136531,gene,SCN2A,sodium voltage-gated channel alpha subunit 2
ENSG00000136546,gene,SCN7A,sodium voltage-gated channel alpha subunit 7
ENSG00000136573,gene,BLK,"BLK proto-oncogene, Src family tyrosine kinase"
ENSG00000136634,gene,IL10,interleukin 10
ENSG00000136754,gene,ABI1,abl interactor 1
ENSG00000136770,gene,DNAJC1,DnaJ heat shock protein family (Hsp40) member C1
ENSG00000136826,gene,KLF4,KLF transcription factor 4
ENSG00000136869,gene,TLR4,toll like receptor 4
ENSG00000136960,gene,ENPP2,ectonucleotide pyrophosphatase/phosphodiesterase 2
ENSG00000136997,gene,MYC,"MYC proto-oncogene, bHLH transcription factor"
ENSG00000137033,gene,IL33,interleukin 33
ENSG00000137193,gene,PIM1,"Pim-1 proto-oncogene, serine/threonine kinase"
ENSG00000137265,gene,IRF4,interferon regulatory factor 4
ENSG00000137267,gene,TUBB2A,tubulin beta 2A class IIa
ENSG00000137285,gene,TUBB2B,tubulin beta 2B class IIb
ENSG00000137462,gene,TLR2,toll like receptor 2
ENSG00000137642,gene,SORL1,sortilin related receptor 1
ENSG00000137673,gene,MMP7,matrix metallopeptidase 7
ENSG00000137812,gene,KNL1,kinetochore scaffold 1
ENSG00000137869,gene,CYP19A1,cytochrome P450 family 19 subfamily A member 1
ENSG00000137965,gene,IFI44,interferon induced protein 44
ENSG00000138031,gene,ADCY3,adenylate cyclase 3
ENSG00000138081,gene,FBXO11,F-box protein 11
ENSG00000138311,gene,ZNF365,zinc finger protein 365
ENSG00000138376,gene,BARD1,BRCA1 associated RING domain 1
ENSG00000138378,gene,STAT4,signal transducer and activator of transcription 4
ENSG00000138413,gene,IDH1,isocitrate dehydrogenase (NADP(+)) 1
ENSG00000138593,gene,SECISBP2L,SECIS binding protein 2 like
ENSG00000138613,gene,APH1B,aph-1B gamma-secretase subunit
ENSG00000138675,gene,FGF5,fibroblast growth factor 5
ENSG00000138735,gene,PDE5A,phosphodiesterase 5A
ENSG00000138755,gene,CXCL9,C-X-C motif chemokine ligand 9
ENSG00000138795,gene,LEF1,lymphoid enhancer binding factor 1
ENSG00000138821,gene,SLC39A8,solute carrier family 39 member 8
ENSG00000139083,gene,ETV6,ETS variant transcription factor 6
ENSG00000139370,gene,SLC15A4,solute carrier family 15 member 4
ENSG00000139531,gene,SUOX,sulfite oxidase
ENSG00000139618,gene,BRCA2,BRCA2 DNA repair associated
ENSG00000139626,gene,ITGB7,integrin subunit beta 7
ENSG00000139687,gene,RB1,RB transcriptional corepressor 1
ENSG00000139718,gene,SETD1B,"SET domain containing 1B, histone lysine methyltransferase"
ENSG00000140009,gene,ESR2,estrogen receptor 2
ENSG00000140538,gene,NTRK3,neurotrophic receptor tyrosine kinase 3
ENSG00000140564,gene,FURIN,"furin, paired basic amino acid cleaving enzyme"
ENSG00000140675,gene,SLC5A2,solute carrier family 5 member 2
ENSG00000140718,gene,FTO,FTO alpha-ketoglutarate dependent dioxygenase
ENSG00000141027,gene,NCOR1,nuclear receptor corepressor 1
ENSG00000141510,gene,TP53,tumor protein p53
ENSG00000141646,gene,SMAD4,SMAD family member 4
ENSG00000141655,gene,TNFRSF11A,TNF receptor superfamily member 11a
ENSG00000141736,gene,ERBB2,erb-b2 receptor tyrosine kinase 2
ENSG00000141867,gene,BRD4,bromodomain containing 4
ENSG00000142166,gene,IFNAR1,interferon alpha and beta receptor subunit 1
ENSG00000142192,gene,APP,amyloid beta precursor protein
ENSG00000142208,gene,AKT1,AKT serine/threonine kinase 1
ENSG00000142319,gene,SLC6A3,solute carrier family 6 member 3
ENSG00000142515,gene,KLK3,kallikrein related peptidase 3
ENSG00000142611,gene,PRDM16,PR/SET domain 16
ENSG00000142627,gene,EPHA2,EPH receptor A2
ENSG00000142655,gene,PEX14,peroxisomal biogenesis factor 14
ENSG00000143126,gene,CELSR2,cadherin EGF LAG seven-pass G-type receptor 2
ENSG00000143171,gene,RXRG,retinoid X receptor gamma
ENSG00000143226,gene,FCGR2A,Fc gamma receptor IIa
ENSG00000143252,gene,SDHC,succinate dehydrogenase complex subunit C
ENSG00000143631,gene,FLG,filaggrin
ENSG00000143799,gene,PARP1,poly(ADP-ribose) polymerase 1
ENSG00000143867,gene,OSR1,odd-skipped related transcription factor 1
ENSG00000143924,gene,EML4,EMAP like 4
ENSG00000144218,gene,AFF3,ALF transcription elongation factor 3
ENSG00000144285,gene,SCN1A,sodium voltage-gated channel alpha subunit 1
ENSG00000144554,gene,FANCD2,FA complementation group D2
ENSG00000144891,gene,AGTR1,angiotensin II receptor type 1
ENSG00000145012,gene,LPP,LIM domain containing preferred translocation partner in lipoma
ENSG00000145113,gene,MUC4,"mucin 4, cell surface associated"
ENSG00000145335,gene,SNCA,synuclein alpha
ENSG00000145545,gene,SRD5A1,steroid 5 alpha-reductase 1
ENSG00000145675,gene,PIK3R1,phosphoinositide-3-kinase regulatory subunit 1
ENSG00000145715,gene,RASA1,RAS p21 protein activator 1
ENSG00000145777,gene,TSLP,thymic stromal lymphopoietin
ENSG00000145901,gene,TNIP1,TNFAIP3 interacting protein 1
ENSG00000145996,gene,CDKAL1,CDKAL1 threonylcarbamoyladenosine tRNA methylthiotransferase
ENSG00000146143,gene,PRIM2,DNA primase subunit 2
ENSG00000146232,gene,NFKBIE,NFKB inhibitor epsilon
ENSG00000146374,gene,RSPO3,R-spondin 3
ENSG00000146648,gene,EGFR,epidermal growth factor receptor
ENSG00000146904,gene,EPHA1,EPH receptor A1
ENSG00000147050,gene,KDM6A,lysine demethylase 6A
ENSG00000147246,gene,HTR2C,5-hydroxytryptamine receptor 2C
ENSG00000147257,gene,GPC3,glypican 3
ENSG00000147655,gene,RSPO2,R-spondin 2
ENSG00000147724,gene,FAM135B,family with sequence similarity 135 member B
ENSG00000147862,gene,NFIB,nuclear factor I B
ENSG00000147883,gene,CDKN2B,cyclin dependent kinase inhibitor 2B
ENSG00000147889,gene,CDKN2A,cyclin dependent kinase inhibitor 2A
ENSG00000148053,gene,NTRK2,neurotrophic receptor tyrosine kinase 2
ENSG00000148143,gene,ZNF462,zinc finger protein 462
ENSG00000148229,gene,POLE3,"DNA polymerase epsilon 3, accessory subunit"
ENSG00000148400,gene,NOTCH1,notch receptor 1
ENSG00000148680,gene,HTR7,5-hydroxytryptamine receptor 7
ENSG00000148700,gene,ADD3,adducin 3
ENSG00000148737,gene,TCF7L2,transcription factor 7 like 2
ENSG00000148795,gene,CYP17A1,cytochrome P450 family 17 subfamily A member 1
ENSG00000149295,gene,DRD2,dopamine receptor D2
ENSG00000149305,gene,HTR3B,5-hydroxytryptamine receptor 3B
ENSG00000149311,gene,ATM,ATM serine/threonine kinase
ENSG00000150093,gene,ITGB1,integrin subunit beta 1
ENSG00000150594,gene,ADRA2A,adrenoceptor alpha 2A
ENSG00000150625,gene,GPM6A,glycoprotein M6A
ENSG00000150637,gene,CD226,CD226 molecule
ENSG00000150782,gene,IL18,interleukin 18
ENSG00000150995,gene,ITPR1,"inositol 1,4,5-trisphosphate receptor type 1"
ENSG00000151067,gene,CACNA1C,calcium voltage-gated channel subunit alpha1 C
ENSG00000151577,gene,DRD3,dopamine receptor D3
ENSG00000151623,gene,NR3C2,nuclear receptor subfamily 3 group C member 2
ENSG00000152086,gene,TUBA3E,tubulin alpha 3e
ENSG00000152217,gene,SETBP1,SET binding protein 1
ENSG00000152270,gene,PDE3B,phosphodiesterase 3B
ENSG00000152402,gene,GUCY1A2,guanylate cyclase 1 soluble subunit alpha 2
ENSG00000152894,gene,PTPRK,protein tyrosine phosphatase receptor type K
ENSG00000153064,gene,BANK1,B cell scaffold protein with ankyrin repeats 1
ENSG00000153201,gene,RANBP2,RAN binding protein 2
ENSG00000153253,gene,SCN3A,sodium voltage-gated channel alpha subunit 3
ENSG00000153563,gene,CD8A,CD8 subunit alpha
ENSG00000153814,gene,JAZF1,JAZF zinc finger 1
ENSG00000153823,gene,PID1,phosphotyrosine interaction domain containing 1
ENSG00000153944,gene,MSI2,musashi RNA binding protein 2
ENSG00000155749,gene,FLACC1,flagellum associated containing coiled-coil domains 1
ENSG00000156052,gene,GNAQ,G protein subunit alpha q
ENSG00000156234,gene,CXCL13,C-X-C motif chemokine ligand 13
ENSG00000156738,gene,MS4A1,membrane spanning 4-domains A1
ENSG00000156970,gene,BUB1B,BUB1 mitotic checkpoint serine/threonine kinase B
ENSG00000157168,gene,NRG1,neuregulin 1
ENSG00000157219,gene,HTR5A,5-hydroxytryptamine receptor 5A
ENSG00000157388,gene,CACNA1D,calcium voltage-gated channel subunit alpha1 D
ENSG00000157404,gene,KIT,"KIT proto-oncogene, receptor tyrosine kinase"
ENSG00000157764,gene,BRAF,"B-Raf proto-oncogene, serine/threonine kinase"
ENSG00000158169,gene,FANCC,FA complementation group C
ENSG00000158715,gene,SLC45A3,solute carrier family 45 member 3
ENSG00000158748,gene,HTR6,5-hydroxytryptamine receptor 6
ENSG00000158864,gene,NDUFS2,NADH:ubiquinone oxidoreductase core subunit S2
ENSG00000159110,gene,IFNAR2,interferon alpha and beta receptor subunit 2
ENSG00000159128,gene,IFNGR2,interferon gamma receptor 2
ENSG00000159216,gene,RUNX1,RUNX family transcription factor 1
ENSG00000159339,gene,PADI4,peptidyl arginine deiminase 4
ENSG00000159640,gene,ACE,angiotensin I converting enzyme
ENSG00000160007,gene,ARHGAP35,Rho GTPase activating protein 35
ENSG00000160117,gene,ANKLE1,ankyrin repeat and LEM domain containing 1
ENSG00000160185,gene,UBASH3A,ubiquitin associated and SH3 domain containing A
ENSG00000160201,gene,U2AF1,U2 small nuclear RNA auxiliary factor 1
ENSG00000160255,gene,ITGB2,integrin subunit beta 2
ENSG00000160712,gene,IL6R,interleukin 6 receptor
ENSG00000160752,gene,FDPS,farnesyl diphosphate synthase
ENSG00000160801,gene,PTH1R,parathyroid hormone 1 receptor
ENSG00000160856,gene,FCRL3,Fc receptor like 3
ENSG00000160957,gene,RECQL4,RecQ like helicase 4
ENSG00000161405,gene,IKZF3,IKAROS family zinc finger 3
ENSG00000161509,gene,GRIN2C,glutamate ionotropic receptor NMDA type subunit 2C
ENSG00000161547,gene,SRSF2,serine and arginine rich splicing factor 2
ENSG00000162337,gene,LRP5,LDL receptor related protein 5
ENSG00000162434,gene,JAK1,Janus kinase 1
ENSG00000162594,gene,IL23R,interleukin 23 receptor
ENSG00000162613,gene,FUBP1,far upstream element binding protein 1
ENSG00000162733,gene,DDR2,discoidin domain receptor tyrosine kinase 2
ENSG00000162772,gene,ATF3,activating transcription factor 3
ENSG00000162896,gene,PIGR,polymeric immunoglobulin receptor
ENSG00000162992,gene,NEUROD1,neuronal differentiation 1
ENSG00000163161,gene,ERCC3,"ERCC excision repair 3, TFIIH core complex helicase subunit"
ENSG00000163362,gene,INAVA,innate immunity activator
ENSG00000163399,gene,ATP1A1,ATPase Na+/K+ transporting subunit alpha 1
ENSG00000163485,gene,ADORA1,adenosine A1 receptor
ENSG00000163491,gene,NEK10,NIMA related kinase 10
ENSG00000163513,gene,TGFBR2,transforming growth factor beta receptor 2
ENSG00000163565,gene,IFI16,interferon gamma inducible protein 16
ENSG00000163581,gene,SLC2A2,solute carrier family 2 member 2
ENSG00000163599,gene,CTLA4,cytotoxic T-lymphocyte associated protein 4
ENSG00000163629,gene,PTPN13,protein tyrosine phosphatase non-receptor type 13
ENSG00000163823,gene,CCR1,C-C motif chemokine receptor 1
ENSG00000163939,gene,PBRM1,polybromo 1
ENSG00000164053,gene,ATRIP,ATR interacting protein
ENSG00000164116,gene,GUCY1A1,guanylate cyclase 1 soluble subunit alpha 1
ENSG00000164258,gene,NDUFS4,NADH:ubiquinone oxidoreductase subunit S4
ENSG00000164270,gene,HTR4,5-hydroxytryptamine receptor 4
ENSG00000164362,gene,TERT,telomerase reverse transcriptase
ENSG00000164692,gene,COL1A2,collagen type I alpha 2 chain
ENSG00000164736,gene,SOX17,SRY-box transcription factor 17
ENSG00000164749,gene,HNF4G,hepatocyte nuclear factor 4 gamma
ENSG00000164756,gene,SLC30A8,solute carrier family 30 member 8
ENSG00000164761,gene,TNFRSF11B,TNF receptor superfamily member 11b
ENSG00000164885,gene,CDK5,cyclin dependent kinase 5
ENSG00000165025,gene,SYK,spleen associated tyrosine kinase
ENSG00000165392,gene,WRN,WRN RecQ like helicase
ENSG00000165671,gene,NSD1,nuclear receptor binding SET domain protein 1
ENSG00000165699,gene,TSC1,TSC complex subunit 1
ENSG00000165731,gene,RET,ret proto-oncogene
ENSG00000166136,gene,NDUFB8,NADH:ubiquinone oxidoreductase subunit B8
ENSG00000166323,gene,C11orf65,chromosome 11 open reading frame 65
ENSG00000166415,gene,WDR72,WD repeat domain 72
ENSG00000166736,gene,HTR3A,5-hydroxytryptamine receptor 3A
ENSG00000167085,gene,PHB1,prohibitin 1
ENSG00000167207,gene,NOD2,nucleotide binding oligomerization domain containing 2
ENSG00000167258,gene,CDK12,cyclin dependent kinase 12
ENSG00000167325,gene,RRM1,ribonucleotide reductase catalytic subunit M1
ENSG00000167548,gene,KMT2D,lysine methyltransferase 2D
ENSG00000167552,gene,TUBA1A,tubulin alpha 1a
ENSG00000167553,gene,TUBA1C,tubulin alpha 1c
ENSG00000167653,gene,PSCA,prostate stem cell antigen
ENSG00000167941,gene,SOST,sclerostin
ENSG00000167985,gene,SDHAF2,succinate dehydrogenase complex assembly factor 2
ENSG00000168036,gene,CTNNB1,catenin beta 1
ENSG00000168143,gene,SACK1B,scaffolding CK1 anchoring protein B
ENSG00000168539,gene,CHRM1,cholinergic receptor muscarinic 1
ENSG00000168594,gene,ADAM29,ADAM metallopeptidase domain 29
ENSG00000168610,gene,STAT3,signal transducer and activator of transcription 3
ENSG00000168646,gene,AXIN2,axin 2
ENSG00000168653,gene,NDUFS5,NADH:ubiquinone oxidoreductase subunit S5
ENSG00000168702,gene,LRP1B,LDL receptor related protein 1B
ENSG00000168769,gene,TET2,tet methylcytosine dioxygenase 2
ENSG00000168811,gene,IL12A,interleukin 12A
ENSG00000168830,gene,HTR1E,5-hydroxytryptamine receptor 1E
ENSG00000168925,gene,CTRB1,chymotrypsinogen B1
ENSG00000168928,gene,CTRB2,chymotrypsinogen B2
ENSG00000169032,gene,MAP2K1,mitogen-activated protein kinase kinase 1
ENSG00000169083,gene,AR,androgen receptor
ENSG00000169174,gene,PCSK9,proprotein convertase subtilisin/kexin type 9
ENSG00000169184,gene,MN1,"MN1 proto-oncogene, transcriptional regulator"
ENSG00000169194,gene,IL13,interleukin 13
ENSG00000169245,gene,CXCL10,C-X-C motif chemokine ligand 10
ENSG00000169252,gene,ADRB2,adrenoceptor beta 2
ENSG00000169313,gene,P2RY12,purinergic receptor P2Y12
ENSG00000169344,gene,UMOD,uromodulin
ENSG00000169429,gene,CXCL8,C-X-C motif chemokine ligand 8
ENSG00000169946,gene,ZFPM2,"zinc finger protein, FOG family member 2"
ENSG00000170017,gene,ALCAM,activated leukocyte cell adhesion molecule
ENSG00000170214,gene,ADRA1B,adrenoceptor alpha 1B
ENSG00000170425,gene,ADORA2B,adenosine A2b receptor
ENSG00000170458,gene,CD14,CD14 molecule
ENSG00000170836,gene,PPM1D,"protein phosphatase, Mg2+/Mn2+ dependent 1D"
ENSG00000170989,gene,S1PR1,sphingosine-1-phosphate receptor 1
ENSG00000171094,gene,ALK,ALK receptor tyrosine kinase
ENSG00000171105,gene,INSR,insulin receptor
ENSG00000171126,gene,KCNG3,potassium voltage-gated channel modifier subfamily G member 3
ENSG00000171368,gene,TPPP,tubulin polymerization promoting protein
ENSG00000171385,gene,KCND3,potassium voltage-gated channel subfamily D member 3
ENSG00000171456,gene,ASXL1,ASXL transcriptional regulator 1
ENSG00000171522,gene,PTGER4,prostaglandin E receptor 4
ENSG00000171735,gene,CAMTA1,calmodulin binding transcription activator 1
ENSG00000171791,gene,BCL2,BCL2 apoptosis regulator
ENSG00000171848,gene,RRM2,ribonucleotide reductase regulatory subunit M2
ENSG00000171862,gene,PTEN,phosphatase and tensin homolog
ENSG00000172349,gene,IL16,interleukin 16
ENSG00000172572,gene,PDE3A,phosphodiesterase 3A
ENSG00000172575,gene,RASGRP1,RAS guanyl releasing protein 1
ENSG00000172819,gene,RARG,retinoic acid receptor gamma
ENSG00000172936,gene,MYD88,MYD88 innate immune signal transduction adaptor
ENSG00000173171,gene,MTX1,metaxin 1
ENSG00000173198,gene,CYSLTR1,cysteinyl leukotriene receptor 1
ENSG00000173531,gene,MST1,macrophage stimulating 1
ENSG00000173575,gene,CHD2,chromodomain helicase DNA binding protein 2
ENSG00000173757,gene,STAT5B,signal transducer and activator of transcription 5B
ENSG00000173821,gene,RNF213,ring finger protein 213
ENSG00000174059,gene,CD34,CD34 molecule
ENSG00000174125,gene,TLR1,toll like receptor 1
ENSG00000174307,gene,PHLDA3,pleckstrin homology like domain family A member 3
ENSG00000174371,gene,EXO1,exonuclease 1
ENSG00000175354,gene,PTPN2,protein tyrosine phosphatase non-receptor type 2
ENSG00000175387,gene,SMAD2,SMAD family member 2
ENSG00000175445,gene,LPL,lipoprotein lipase
ENSG00000175482,gene,POLD4,"DNA polymerase delta 4, accessory subunit"
ENSG00000175643,gene,RMI2,RecQ mediated genome instability 2
ENSG00000176014,gene,TUBB6,tubulin beta 6 class V
ENSG00000176749,gene,CDK5R1,cyclin dependent kinase 5 regulatory subunit 1
ENSG00000176884,gene,GRIN1,glutamate ionotropic receptor NMDA type subunit 1
ENSG00000176890,gene,TYMS,thymidylate synthetase
ENSG00000176920,gene,FUT2,fucosyltransferase 2 (H blood group)
ENSG00000177000,gene,MTHFR,methylenetetrahydrofolate reductase
ENSG00000177084,gene,POLE,"DNA polymerase epsilon, catalytic subunit"
ENSG00000177272,gene,KCNA3,potassium voltage-gated channel subfamily A member 3
ENSG00000177301,gene,KCNA2,potassium voltage-gated channel subfamily A member 2
ENSG00000177575,gene,CD163,CD163 molecule
ENSG00000177628,gene,GBA1,glucosylceramidase beta 1
ENSG00000177663,gene,IL17RA,interleukin 17 receptor A
ENSG00000178084,gene,HTR3C,5-hydroxytryptamine receptor 3C
ENSG00000178105,gene,DDX10,DEAD-box helicase 10
ENSG00000178127,gene,NDUFV2,NADH:ubiquinone oxidoreductase core subunit V2
ENSG00000178202,gene,POGLUT3,protein O-glucosyltransferase 3
ENSG00000178394,gene,HTR1A,5-hydroxytryptamine receptor 1A
ENSG00000178467,gene,P4HTM,"prolyl 4-hydroxylase, transmembrane"
ENSG00000178568,gene,ERBB4,erb-b2 receptor tyrosine kinase 4
ENSG00000178623,gene,GPR35,G protein-coupled receptor 35
ENSG00000178691,gene,SUZ12,SUZ12 polycomb repressive complex 2 subunit
ENSG00000179023,gene,KLHDC7A,kelch domain containing 7A
ENSG00000179097,gene,HTR1F,5-hydroxytryptamine receptor 1F
ENSG00000179295,gene,PTPN11,protein tyrosine phosphatase non-receptor type 11
ENSG00000179348,gene,GATA2,GATA binding protein 2
ENSG00000179546,gene,HTR1D,5-hydroxytryptamine receptor 1D
ENSG00000179583,gene,CIITA,class II major histocompatibility complex transactivator
ENSG00000179630,gene,LACC1,laccase domain containing 1
ENSG00000180530,gene,NRIP1,nuclear receptor interacting protein 1
ENSG00000180739,gene,S1PR5,sphingosine-1-phosphate receptor 5
ENSG00000180871,gene,CXCR2,C-X-C motif chemokine receptor 2
ENSG00000181072,gene,CHRM2,cholinergic receptor muscarinic 2
ENSG00000181092,gene,ADIPOQ,"adiponectin, C1Q and collagen domain containing"
ENSG00000181143,gene,MUC16,"mucin 16, cell surface associated"
ENSG00000181163,gene,NPM1,nucleophosmin 1
ENSG00000181291,gene,TMEM132E,transmembrane protein 132E
ENSG00000181555,gene,SETD2,"SET domain containing 2, histone lysine methyltransferase"
ENSG00000181634,gene,TNFSF15,TNF superfamily member 15
ENSG00000181788,gene,SIAH2,siah E3 ubiquitin protein ligase 2
ENSG00000182054,gene,IDH2,isocitrate dehydrogenase (NADP(+)) 2
ENSG00000182162,gene,P2RY8,P2Y receptor family member 8
ENSG00000182185,gene,RAD51B,RAD51 paralog B
ENSG00000182255,gene,KCNA4,potassium voltage-gated channel subfamily A member 4
ENSG00000182326,gene,C1S,complement C1s
ENSG00000182511,gene,FES,"FES proto-oncogene, tyrosine kinase"
ENSG00000182732,gene,RGS6,regulator of G protein signaling 6
ENSG00000182866,gene,LCK,"LCK proto-oncogene, Src family tyrosine kinase"
ENSG00000182872,gene,RBM10,RNA binding motif protein 10
ENSG00000183258,gene,DDX41,DEAD-box helicase 41
ENSG00000183337,gene,BCOR,BCL6 corepressor
ENSG00000183454,gene,GRIN2A,glutamate ionotropic receptor NMDA type subunit 2A
ENSG00000183486,gene,MX2,MX dynamin like GTPase 2
ENSG00000183654,gene,MARCHF11,membrane associated ring-CH-type finger 11
ENSG00000183765,gene,CHEK2,checkpoint kinase 2
ENSG00000183873,gene,SCN5A,sodium voltage-gated channel alpha subunit 5
ENSG00000183960,gene,KCNH8,potassium voltage-gated channel subfamily H member 8
ENSG00000184292,gene,TACSTD2,tumor associated calcium signal transducer 2
ENSG00000184381,gene,PLA2G6,phospholipase A2 group VI
ENSG00000184384,gene,MAML2,mastermind like transcriptional coactivator 2
ENSG00000184432,gene,COPB2,coat protein complex I subunit beta 2
ENSG00000184507,gene,NUTM1,NUT midline carcinoma family member 1
ENSG00000184588,gene,PDE4B,phosphodiesterase 4B
ENSG00000184611,gene,KCNH7,potassium voltage-gated channel subfamily H member 7
ENSG00000184634,gene,MED12,mediator complex subunit 12
ENSG00000184675,gene,AMER1,APC membrane recruitment protein 1
ENSG00000184730,gene,APOBR,apolipoprotein B receptor
ENSG00000184845,gene,DRD1,dopamine receptor D1
ENSG00000185345,gene,PRKN,parkin RBR E3 ubiquitin protein ligase
ENSG00000185379,gene,RAD51D,RAD51 paralog D
ENSG00000185760,gene,KCNQ5,potassium voltage-gated channel subfamily Q member 5
ENSG00000186010,gene,NDUFA13,NADH:ubiquinone oxidoreductase subunit A13
ENSG00000186038,gene,HTR3E,5-hydroxytryptamine receptor 3E
ENSG00000186090,gene,HTR3D,5-hydroxytryptamine receptor 3D
ENSG00000186350,gene,RXRA,retinoid X receptor alpha
ENSG00000186868,gene,MAPT,microtubule associated protein tau
ENSG00000186951,gene,PPARA,peroxisome proliferator activated receptor alpha
ENSG00000187098,gene,MITF,melanocyte inducing transcription factor
ENSG00000187266,gene,EPOR,erythropoietin receptor
ENSG00000187486,gene,KCNJ11,potassium inwardly rectifying channel subfamily J member 11
ENSG00000187720,gene,THSD4,thrombospondin type 1 domain containing 4
ENSG00000187790,gene,FANCM,FA complementation group M
ENSG00000187957,gene,DNER,delta/notch like EGF repeat containing
ENSG00000188229,gene,TUBB4B,tubulin beta 4B class IVb
ENSG00000188389,gene,PDCD1,programmed cell death 1
ENSG00000188778,gene,ADRB3,adrenoceptor beta 3
ENSG00000188906,gene,LRRK2,leucine rich repeat kinase 2
ENSG00000189079,gene,ARID2,AT-rich interaction domain 2
ENSG00000189167,gene,ZAR1L,zygote arrest 1 like
ENSG00000189283,gene,FHIT,fragile histidine triad diadenosine triphosphatase
ENSG00000189403,gene,HMGB1,high mobility group box 1
ENSG00000196126,gene,HLA-DRB1,"major histocompatibility complex, class II, DR beta 1"
ENSG00000196230,gene,TUBB,tubulin beta class I
ENSG00000196262,gene,PPIA,peptidylprolyl isomerase A
ENSG00000196498,gene,NCOR2,nuclear receptor corepressor 2
ENSG00000196584,gene,XRCC2,X-ray repair cross complementing 2
ENSG00000196664,gene,TLR7,toll like receptor 7
ENSG00000196689,gene,TRPV1,transient receptor potential cation channel subfamily V member 1
ENSG00000196712,gene,NF1,neurofibromin 1
ENSG00000196937,gene,FAM3C,FAM3 metabolism regulating signaling molecule C
ENSG00000197122,gene,SRC,"SRC proto-oncogene, non-receptor tyrosine kinase"
ENSG00000197157,gene,SND1,staphylococcal nuclease and tudor domain containing 1
ENSG00000197299,gene,BLM,BLM RecQ like helicase
ENSG00000197405,gene,C5AR1,complement C5a receptor 1
ENSG00000197594,gene,ENPP1,ectonucleotide pyrophosphatase/phosphodiesterase 1
ENSG00000197635,gene,DPP4,dipeptidyl peptidase 4
ENSG00000197746,gene,PSAP,prosaposin
ENSG00000198033,gene,TUBA3C,tubulin alpha 3c
ENSG00000198056,gene,PRIM1,DNA primase subunit 1
ENSG00000198286,gene,CARD11,caspase recruitment domain family member 11
ENSG00000198400,gene,NTRK1,neurotrophic receptor tyrosine kinase 1
ENSG00000198625,gene,MDM4,MDM4 regulator of p53
ENSG00000198690,gene,FAN1,FANCD2 and FANCI associated nuclease 1
ENSG00000198727,gene,MT-CYB,mitochondrially encoded cytochrome b
ENSG00000198785,gene,GRIN3A,glutamate ionotropic receptor NMDA type subunit 3A
ENSG00000198793,gene,MTOR,mechanistic target of rapamycin kinase
ENSG00000198795,gene,ZNF521,zinc finger protein 521
ENSG00000198807,gene,PAX9,paired box 9
ENSG00000198822,gene,GRM3,glutamate metabotropic receptor 3
ENSG00000198851,gene,CD3E,CD3 epsilon subunit of T-cell receptor complex
ENSG00000198888,gene,MT-ND1,mitochondrially encoded NADH:ubiquinone oxidoreductase core subunit 1
ENSG00000198900,gene,TOP1,DNA topoisomerase I
ENSG00000198901,gene,PRC1,protein regulator of cytokinesis 1
ENSG00000203710,gene,CR1,complement C3b/C4b receptor 1 (Knops blood group)
ENSG00000204209,gene,DAXX,death domain associated protein
ENSG00000204231,gene,RXRB,retinoid X receptor beta
ENSG00000204531,gene,POU5F1,POU class 5 homeobox 1
ENSG00000211891,gene,IGHE,immunoglobulin heavy constant epsilon
ENSG00000212993,gene,POU5F1B,POU class 5 homeobox 1B
ENSG00000213281,gene,NRAS,"NRAS proto-oncogene, GTPase"
ENSG00000213619,gene,NDUFS3,NADH:ubiquinone oxidoreductase core subunit S3
ENSG00000213689,gene,TREX1,three prime repair exonuclease 1
ENSG00000213694,gene,S1PR3,sphingosine-1-phosphate receptor 3
ENSG00000213918,gene,DNASE1,deoxyribonuclease 1
ENSG00000214274,gene,ANG,angiogenin
ENSG00000214827,gene,MTCP1,mature T cell proliferation 1
ENSG00000215301,gene,DDX3X,DEAD-box helicase 3 X-linked
ENSG00000215644,gene,GCGR,glucagon receptor
ENSG00000228716,gene,DHFR,dihydrofolate reductase
ENSG00000232810,gene,TNF,tumor necrosis factor
ENSG00000234741,gene,GAS5,growth arrest specific 5
ENSG00000236699,gene,ARHGEF38,Rho guanine nucleotide exchange factor 38
ENSG00000239732,gene,TLR9,toll like receptor 9
ENSG00000240498,gene,CDKN2B-AS1,CDKN2B and CDKN2A antisense cis and trans regulatory RNA 1
ENSG00000240583,gene,AQP1,aquaporin 1 (Colton blood group)
ENSG00000240972,gene,MIF,macrophage migration inhibitory factor
ENSG00000241404,gene,EGFL8,EGF like domain multiple 8
ENSG00000244405,gene,ETV5,ETS variant transcription factor 5
ENSG00000244731,gene,C4A,complement C4A (Chido/Rodgers blood group)
ENSG00000245848,gene,CEBPA,CCAAT enhancer binding protein alpha
ENSG00000248905,gene,FMN1,formin 1
ENSG00000254647,gene,INS,insulin
ENSG00000257923,gene,CUX1,cut like homeobox 1
ENSG00000258839,gene,MC1R,melanocortin 1 receptor
ENSG00000258947,gene,TUBB3,tubulin beta 3 class III
ENSG00000261456,gene,TUBB8,tubulin beta 8 class VIII
ENSG00000267534,gene,S1PR2,sphingosine-1-phosphate receptor 2
ENSG00000269858,gene,EGLN2,egl-9 family hypoxia inducible factor 2
ENSG00000273079,gene,GRIN2B,glutamate ionotropic receptor NMDA type subunit 2B
ENSG00000274070,gene,CASTOR2,cytosolic arginine sensor for mTORC1 subunit 2
ENSG00000274286,gene,ADRA2B,adrenoceptor alpha 2B
ENSG00000275410,gene,HNF1B,HNF1 homeobox B
ENSG00000277893,gene,SRD5A2,steroid 5 alpha-reductase 2
ENSG00000282608,gene,ADORA3,adenosine A3 receptor
ENSG00000286522,gene,H3C2,H3 clustered histone 2
ICD10CM:D05,icd10,Carcinoma in situ of breast,
ICD10CM:G30,icd10,Alzheimer's disease,
ICD10WHO:G30,icd10,Alzheimer disease,
ICD10CM:J45,icd10,Asthma,
ICD10WHO:J45,icd10,Asthma,
ICD10CM:K50,icd10,Crohn's disease [regional enteritis],
ICD10CM:L40,icd10,Psoriasis,
ICD10WHO:L40,icd10,Psoriasis,
ICD10CM:F20,icd10,Schizophrenia,
ICD10WHO:F20,icd10,Schizophrenia,
ICD10CM:K51,icd10,Ulcerative colitis,
ICD10WHO:K51,icd10,Ulcerative colitis,
ICD10CM:E10,icd10,Type 1 diabetes mellitus,
ICD10WHO:E10,icd10,Type 1 diabetes mellitus,
ICD10CM:E11,icd10,Type 2 diabetes mellitus,
ICD10WHO:E11,icd10,Type 2 diabetes mellitus,
ICD10CM:G20,icd10,Parkinson's disease,
ICD10WHO:G20,icd10,Parkinson disease,
ICD10CM:M81,icd10,Osteoporosis without current pathological fracture,
ICD10CM:N18,icd10,Chronic kidney disease (CKD),
ICD10CM:N18.9,icd10,"Chronic kidney disease, unspecified",
ICD10WHO:N18,icd10,Chronic kidney disease,
ICD10CM:G35,icd10,Multiple sclerosis,
ICD10WHO:G35,icd10,Multiple sclerosis,
ICD10CM:D05.0,icd10,Lobular carcinoma in situ of breast,
ICD10CM:C50,icd10,Malignant neoplasm of breast,
ICD10CM:M32,icd10,Systemic lupus erythematosus (SLE),
ICD10WHO:M32,icd10,Systemic lupus erythematosus,
ICD10CM:C56,icd10,Malignant neoplasm of ovary,
ICD10CM:C61,icd10,Malignant neoplasm of prostate,
ICD10CM:C92.0,icd10,Acute myeloblastic leukemia,
